# https://github.com/mikedh/trimesh
v 0.00000000 0.04050000 0.01899902
v 0.00000000 0.04050000 0.00000235
v -0.00080080 0.04049207 0.01610944
v -0.00111002 0.04048414 0.01602721
v -0.00156196 0.04046829 0.01585102
v -0.00352829 0.04034143 0.01899902
v -0.00352036 0.04032557 0.01943363
v 0.00000000 0.04047622 0.01943363
v 0.00352036 0.04032557 0.01943363
v 0.00352829 0.04034143 0.01899902
v 0.00156196 0.04046829 0.01585102
v 0.00111002 0.04048414 0.01602721
v 0.00080080 0.04049207 0.01610944
v 0.00000000 0.01494567 -0.00600000
v -0.00130031 0.01489017 -0.00600000
v -0.00352829 0.04034143 0.00000235
v -0.00156196 0.04046829 0.00914389
v -0.00111002 0.04048414 0.00897357
v -0.00080080 0.04049207 0.00888841
v 0.00079287 0.04049207 0.00888841
v 0.00111002 0.04048414 0.00897357
v 0.00156196 0.04046829 0.00914389
v 0.00352829 0.04034143 0.00000235
v 0.00130031 0.01489017 -0.00600000
v -0.00237069 0.04042864 0.01533418
v -0.00260856 0.04041279 0.01511394
v -0.00283056 0.04039693 0.01487608
v -0.00327457 0.04036521 0.01420654
v -0.00347279 0.04034936 0.01376312
v -0.00356793 0.04034143 0.01345478
v -0.00366308 0.04033350 0.01298199
v -0.00702486 0.03988156 0.01899902
v -0.00702486 0.03986570 0.01943363
v -0.00352036 0.04027007 0.01986531
v 0.00000000 0.04042071 0.01986531
v 0.00352036 0.04027007 0.01986531
v 0.00702486 0.03986570 0.01943363
v 0.00702486 0.03988156 0.01899902
v 0.00366308 0.04033350 0.01298199
v 0.00356793 0.04034143 0.01345478
v 0.00347279 0.04034936 0.01376312
v 0.00327457 0.04036521 0.01420654
v 0.00283056 0.04039693 0.01487608
v 0.00260856 0.04041279 0.01511394
v 0.00237069 0.04042864 0.01533418
v -0.00259270 0.01471574 -0.00600000
v -0.00702486 0.03988156 0.00000235
v -0.00347279 0.04034936 0.01123179
v -0.00327457 0.04036521 0.01079131
v -0.00283056 0.04039693 0.01011883
v -0.00260856 0.04041279 0.00988097
v -0.00237069 0.04042864 0.00966366
v -0.00366308 0.04033350 0.01201586
v -0.00356793 0.04034143 0.01154307
v 0.00237069 0.04042864 0.00966366
v 0.00260856 0.04041279 0.00988097
v 0.00283056 0.04039693 0.01011883
v 0.00327457 0.04036521 0.01079131
v 0.00347279 0.04034936 0.01123179
v 0.00356793 0.04034143 0.01154013
v 0.00366308 0.04033350 0.01201586
v 0.00702486 0.03988156 0.00000235
v 0.00259270 0.01471574 -0.00600000
v -0.01048179 0.03911247 0.01899902
v -0.01047386 0.03909661 0.01943363
v -0.01045801 0.03904111 0.01986531
v -0.00701693 0.03980227 0.01986531
v -0.00351243 0.04017492 0.02029405
v 0.00000000 0.04032557 0.02029405
v -0.00700108 0.03971506 0.02029405
v 0.00351243 0.04017492 0.02029405
v 0.00700108 0.03971506 0.02029405
v 0.00701693 0.03980227 0.01986531
v 0.01045801 0.03904111 0.01986531
v 0.01047386 0.03909661 0.01943363
v 0.01048179 0.03911247 0.01899902
v -0.00386922 0.01443823 -0.00600000
v -0.01048179 0.03911247 0.00000235
v 0.01048179 0.03911247 0.00000235
v 0.00386922 0.01443823 -0.00600000
v -0.01385151 0.03805002 0.01899902
v -0.01384358 0.03803416 0.01943363
v -0.01043422 0.03895390 0.02029405
v -0.01381979 0.03797866 0.01986531
v -0.00349657 0.04004013 0.02070810
v 0.00000000 0.04019078 0.02070810
v -0.01040251 0.03882704 0.02070810
v -0.00697729 0.03958027 0.02070810
v 0.00349657 0.04004013 0.02070810
v 0.00697729 0.03958027 0.02070810
v 0.01040251 0.03882704 0.02070810
v 0.01043422 0.03895390 0.02029405
v 0.01381979 0.03797866 0.01986531
v 0.01384358 0.03803416 0.01943363
v 0.01385151 0.03805002 0.01899902
v -0.00510611 0.01404180 -0.00600000
v -0.01385151 0.03805002 0.00000235
v 0.01385151 0.03805002 0.00000235
v 0.00510611 0.01404180 -0.00600000
v -0.01711022 0.03670213 0.01899902
v -0.01710229 0.03668628 0.01943363
v -0.01378808 0.03789144 0.02029405
v -0.01374843 0.03777251 0.02070810
v -0.01707850 0.03663078 0.01986531
v -0.00694558 0.03942169 0.02111041
v -0.00348865 0.03987363 0.02111041
v 0.00000000 0.04002428 0.02111041
v -0.01035493 0.03866053 0.02111041
v -0.01368500 0.03761394 0.02111041
v 0.00348865 0.03987363 0.02111041
v 0.00694558 0.03942169 0.02111041
v 0.01035493 0.03866053 0.02111041
v 0.01368500 0.03761394 0.02111041
v 0.01374843 0.03777251 0.02070810
v 0.01378808 0.03789144 0.02029405
v 0.01707850 0.03663078 0.01986531
v 0.01710229 0.03668628 0.01943363
v 0.01711022 0.03670213 0.01899902
v -0.00631128 0.01354229 -0.00600000
v -0.01711022 0.03670213 0.00000235
v 0.01711022 0.03670213 0.00000235
v 0.00631128 0.01354229 -0.00600000
v -0.02025000 0.03506881 0.01899902
v -0.02023414 0.03505296 0.01943363
v -0.02021036 0.03500538 0.01986531
v -0.01703886 0.03654356 0.02029405
v -0.01698336 0.03642463 0.02070810
v -0.01691200 0.03627398 0.02111041
v -0.02016278 0.03492610 0.02029405
v -0.01030736 0.03847024 0.02149804
v -0.00691386 0.03922347 0.02149804
v -0.00346486 0.03967541 0.02149804
v 0.00000000 0.03982606 0.02149804
v -0.01683271 0.03609162 0.02149804
v -0.01362157 0.03742365 0.02149804
v 0.00346486 0.03967541 0.02149804
v 0.00691386 0.03922347 0.02149804
v 0.01030736 0.03847024 0.02149804
v 0.01362157 0.03742365 0.02149804
v 0.01683271 0.03609162 0.02149804
v 0.01691200 0.03627398 0.02111041
v 0.01698336 0.03642463 0.02070810
v 0.01703886 0.03654356 0.02029405
v 0.02016278 0.03492610 0.02029405
v 0.02021036 0.03500538 0.01986531
v 0.02023414 0.03505296 0.01943363
v 0.02025000 0.03506881 0.01899902
v 0.01856118 0.03594890 0.00000235
v -0.00746887 0.01293970 -0.00600000
v -0.02025000 0.03506881 0.00000235
v 0.00746887 0.01293970 -0.00600000
v -0.02322328 0.03317385 0.01899902
v -0.02321535 0.03315799 0.01943363
v -0.02318363 0.03311042 0.01986531
v -0.02009143 0.03480716 0.02070810
v -0.02001214 0.03466445 0.02111041
v -0.02312813 0.03303113 0.02029405
v -0.02305677 0.03292805 0.02070810
v -0.01024393 0.03824031 0.02186511
v -0.00687422 0.03899354 0.02186511
v -0.01354229 0.03720165 0.02186511
v -0.00344900 0.03943755 0.02186511
v 0.00000000 0.03958820 0.02186511
v -0.01990906 0.03449002 0.02149804
v -0.01672964 0.03588547 0.02186511
v 0.00344900 0.03943755 0.02186511
v 0.00687422 0.03899354 0.02186511
v 0.01024393 0.03824031 0.02186511
v 0.01354229 0.03720165 0.02186511
v 0.01672964 0.03588547 0.02186511
v 0.01990906 0.03449002 0.02149804
v 0.02001214 0.03466445 0.02111041
v 0.02009143 0.03480716 0.02070810
v 0.02305677 0.03292805 0.02070810
v 0.02312813 0.03303113 0.02029405
v 0.02318363 0.03311042 0.01986531
v 0.02321535 0.03315799 0.01943363
v 0.02168510 0.03415701 0.00000235
v 0.02025000 0.03506881 0.00000235
v 0.02322328 0.03317385 0.01899902
v -0.00857097 0.01224197 -0.00600000
v -0.02322328 0.03317385 0.00000235
v 0.00857097 0.01224197 -0.00600000
v -0.02603005 0.03101723 0.01899902
v -0.02601419 0.03100930 0.01943363
v -0.02598248 0.03096173 0.01986531
v -0.02591905 0.03089037 0.02029405
v -0.02295370 0.03278534 0.02111041
v -0.02284270 0.03262676 0.02149804
v -0.02583183 0.03078729 0.02070810
v -0.02572876 0.03066043 0.02111041
v -0.01017257 0.03798659 0.02221163
v -0.01344714 0.03695585 0.02221163
v -0.00682664 0.03873189 0.02221163
v -0.00342522 0.03917590 0.02221163
v 0.00000000 0.03932655 0.02221163
v -0.01979013 0.03428387 0.02186511
v -0.01966327 0.03405393 0.02221163
v -0.01661864 0.03563968 0.02221163
v 0.00342522 0.03917590 0.02221163
v 0.00682664 0.03873189 0.02221163
v 0.01017257 0.03798659 0.02221163
v 0.01344714 0.03695585 0.02221163
v 0.01661864 0.03563968 0.02221163
v 0.01966327 0.03405393 0.02221163
v 0.01979013 0.03428387 0.02186511
v 0.02284270 0.03262676 0.02149804
v 0.02295370 0.03278534 0.02111041
v 0.02572876 0.03066043 0.02111041
v 0.02583183 0.03078729 0.02070810
v 0.02591905 0.03089037 0.02029405
v 0.02598248 0.03096173 0.01986531
v 0.02601419 0.03100930 0.01943363
v 0.02322328 0.03317385 0.00000235
v 0.02603005 0.03101723 0.01899902
v -0.00960963 0.01144910 -0.00600000
v -0.02603005 0.03101723 0.00000235
v 0.00960963 0.01144910 -0.00600000
v -0.02863068 0.02863068 0.01899902
v -0.02862275 0.02862275 0.01943363
v -0.02858310 0.02858310 0.01986531
v -0.02851175 0.02851175 0.02029405
v -0.02842453 0.02842453 0.02070810
v -0.02270791 0.03242854 0.02186511
v -0.02560190 0.03050979 0.02149804
v -0.02545125 0.03032743 0.02186511
v -0.02830560 0.02830560 0.02111041
v -0.01010121 0.03770115 0.02253465
v -0.01649178 0.03537803 0.02253465
v -0.01334407 0.03667835 0.02253465
v -0.00677114 0.03843853 0.02253465
v -0.00340143 0.03888254 0.02253465
v 0.00000000 0.03903318 0.02253465
v -0.02255726 0.03221447 0.02221163
v -0.01951263 0.03380022 0.02253465
v 0.00340143 0.03888254 0.02253465
v 0.00677114 0.03843853 0.02253465
v 0.01010121 0.03770115 0.02253465
v 0.01334407 0.03667835 0.02253465
v 0.01649178 0.03537803 0.02253465
v 0.01951263 0.03380022 0.02253465
v 0.02255726 0.03221447 0.02221163
v 0.02270791 0.03242854 0.02186511
v 0.02545125 0.03032743 0.02186511
v 0.02560190 0.03050979 0.02149804
v 0.02830560 0.02830560 0.02111041
v 0.02842453 0.02842453 0.02070810
v 0.02851175 0.02851175 0.02029405
v 0.02858310 0.02858310 0.01986531
v 0.02862275 0.02862275 0.01943363
v 0.02603005 0.03101723 0.00000235
v 0.02863068 0.02863068 0.01899902
v -0.01056901 0.01056901 -0.00600000
v -0.02863068 0.02863068 0.00000235
v 0.01056901 0.01056901 -0.00600000
v -0.03101723 0.02603005 0.01899902
v -0.03100930 0.02601419 0.01943363
v -0.03096173 0.02598248 0.01986531
v -0.03089037 0.02591905 0.02029405
v -0.03078729 0.02583183 0.02070810
v -0.03066043 0.02572876 0.02111041
v -0.02816288 0.02816288 0.02149804
v -0.02799638 0.02799638 0.02186511
v -0.02780609 0.02780609 0.02221163
v -0.02527682 0.03012128 0.02221163
v -0.03050979 0.02560190 0.02149804
v -0.01001400 0.03739193 0.02282831
v -0.01323307 0.03637706 0.02282831
v -0.01935405 0.03352271 0.02282831
v -0.01635699 0.03508467 0.02282831
v -0.00671564 0.03812138 0.02282831
v -0.00336971 0.03856539 0.02282831
v 0.00000000 0.03870810 0.02282831
v 0.00336971 0.03856539 0.02282831
v -0.02238283 0.03196868 0.02253465
v -0.02508653 0.02989928 0.02253465
v -0.02220047 0.03170703 0.02282831
v 0.00671564 0.03812138 0.02282831
v 0.01001400 0.03739193 0.02282831
v 0.01323307 0.03637706 0.02282831
v 0.01635699 0.03508467 0.02282831
v 0.01935405 0.03352271 0.02282831
v 0.02220047 0.03170703 0.02282831
v 0.02238283 0.03196868 0.02253465
v 0.02508653 0.02989928 0.02253465
v 0.02527682 0.03012128 0.02221163
v 0.02780609 0.02780609 0.02221163
v 0.02799638 0.02799638 0.02186511
v 0.02816288 0.02816288 0.02149804
v 0.03050979 0.02560190 0.02149804
v 0.03066043 0.02572876 0.02111041
v 0.03078729 0.02583183 0.02070810
v 0.03089037 0.02591905 0.02029405
v 0.03096173 0.02598248 0.01986531
v 0.03100930 0.02601419 0.01943363
v 0.03101723 0.02603005 0.01899902
v 0.02863068 0.02863068 0.00000235
v -0.01144910 0.00960963 -0.00600000
v -0.03101723 0.02603005 0.00000235
v 0.01144910 0.00960963 -0.00600000
v 0.03101723 0.02603005 0.00000235
v -0.03317385 0.02322328 0.01899902
v -0.03315799 0.02321535 0.01943363
v -0.03311042 0.02318363 0.01986531
v -0.03303113 0.02312813 0.02029405
v -0.03292805 0.02305677 0.02070810
v -0.03278534 0.02295370 0.02111041
v -0.03262676 0.02284270 0.02149804
v -0.03032743 0.02545125 0.02186511
v -0.02759994 0.02759994 0.02253465
v -0.03012128 0.02527682 0.02221163
v -0.00992678 0.03705893 0.02309554
v -0.01312206 0.03605198 0.02309554
v -0.01917962 0.03322142 0.02309554
v -0.01621427 0.03476752 0.02309554
v -0.02200225 0.03142159 0.02309554
v -0.00666014 0.03778044 0.02309554
v -0.00333800 0.03821652 0.02309554
v 0.00000000 0.03836717 0.02309554
v 0.00333800 0.03821652 0.02309554
v 0.00666014 0.03778044 0.02309554
v -0.02488038 0.02965349 0.02282831
v 0.00992678 0.03705893 0.02309554
v 0.01312206 0.03605198 0.02309554
v 0.01621427 0.03476752 0.02309554
v 0.01917962 0.03322142 0.02309554
v 0.02200225 0.03142159 0.02309554
v 0.02488038 0.02965349 0.02282831
v 0.02759994 0.02759994 0.02253465
v 0.03012128 0.02527682 0.02221163
v 0.03032743 0.02545125 0.02186511
v 0.03262676 0.02284270 0.02149804
v 0.03278534 0.02295370 0.02111041
v 0.03292805 0.02305677 0.02070810
v 0.03303113 0.02312813 0.02029405
v 0.03311042 0.02318363 0.01986531
v 0.03315799 0.02321535 0.01943363
v 0.03317385 0.02322328 0.01899902
v -0.01224197 0.00857097 -0.00600000
v -0.03317385 0.02322328 0.00000235
v 0.01224197 0.00857097 -0.00600000
v 0.03317385 0.02322328 0.00000235
v -0.03415701 0.02168510 0.00000235
v -0.03506881 0.02025000 0.01899902
v -0.03505296 0.02023414 0.01943363
v -0.03500538 0.02021036 0.01986531
v -0.03492610 0.02016278 0.02029405
v -0.03480716 0.02009143 0.02070810
v -0.03466445 0.02001214 0.02111041
v -0.03449002 0.01990906 0.02149804
v -0.03428387 0.01979013 0.02186511
v -0.03242854 0.02270791 0.02186511
v -0.03221447 0.02255726 0.02221163
v -0.02737001 0.02737001 0.02282831
v -0.02989928 0.02508653 0.02253465
v -0.02965349 0.02488038 0.02282831
v -0.00983164 0.03670213 0.02332753
v -0.01299520 0.03570311 0.02332753
v -0.01605570 0.03443451 0.02332753
v -0.01899726 0.03290427 0.02332753
v -0.02178818 0.03112030 0.02332753
v -0.02465838 0.02938391 0.02309554
v -0.02442052 0.02910640 0.02332753
v -0.00659671 0.03741572 0.02332753
v -0.00330628 0.03785180 0.02332753
v 0.00000000 0.03799452 0.02332753
v 0.00330628 0.03785180 0.02332753
v 0.00983164 0.03670213 0.02332753
v 0.00659671 0.03741572 0.02332753
v -0.02712422 0.02712422 0.02309554
v 0.01299520 0.03570311 0.02332753
v 0.01605570 0.03443451 0.02332753
v 0.01899726 0.03290427 0.02332753
v 0.02178818 0.03112030 0.02332753
v 0.02442052 0.02910640 0.02332753
v 0.02465838 0.02938391 0.02309554
v 0.02712422 0.02712422 0.02309554
v 0.02737001 0.02737001 0.02282831
v 0.02965349 0.02488038 0.02282831
v 0.02989928 0.02508653 0.02253465
v 0.03221447 0.02255726 0.02221163
v 0.03242854 0.02270791 0.02186511
v 0.03428387 0.01979013 0.02186511
v 0.03449002 0.01990906 0.02149804
v 0.03466445 0.02001214 0.02111041
v 0.03480716 0.02009143 0.02070810
v 0.03492610 0.02016278 0.02029405
v 0.03500538 0.02021036 0.01986531
v 0.03505296 0.02023414 0.01943363
v 0.03506881 0.02025000 0.01899902
v 0.03415701 0.02168510 0.00000235
v -0.01293970 0.00746887 -0.00600000
v -0.03506881 0.02025000 0.00000235
v 0.01293970 0.00746887 -0.00600000
v 0.03506881 0.02025000 0.00000235
v -0.03594890 0.01856118 0.00000235
v -0.03670213 0.01711022 0.01899902
v -0.03668628 0.01710229 0.01943363
v -0.03663078 0.01707850 0.01986531
v -0.03654356 0.01703886 0.02029405
v -0.03642463 0.01698336 0.02070810
v -0.03627398 0.01691200 0.02111041
v -0.03609162 0.01683271 0.02149804
v -0.03588547 0.01672964 0.02186511
v -0.03405393 0.01966327 0.02221163
v -0.03380022 0.01951263 0.02253465
v -0.03196868 0.02238283 0.02253465
v -0.03170703 0.02220047 0.02282831
v -0.02938391 0.02465838 0.02309554
v -0.03142159 0.02200225 0.02309554
v -0.00972856 0.03632948 0.02353015
v -0.01588919 0.03408565 0.02353015
v -0.01286042 0.03533839 0.02353015
v -0.01879904 0.03257126 0.02353015
v -0.02156617 0.03080315 0.02353015
v -0.02417473 0.02881304 0.02353015
v -0.02686257 0.02686257 0.02332753
v -0.02659299 0.02659299 0.02353015
v -0.00652535 0.03703514 0.02353015
v -0.00327457 0.03746329 0.02353015
v 0.00000000 0.03760601 0.02353015
v 0.00327457 0.03746329 0.02353015
v 0.00652535 0.03703514 0.02353015
v 0.00972856 0.03632948 0.02353015
v -0.02910640 0.02442052 0.02332753
v 0.01286042 0.03533839 0.02353015
v 0.01588919 0.03408565 0.02353015
v 0.01879904 0.03257126 0.02353015
v 0.02156617 0.03080315 0.02353015
v 0.02417473 0.02881304 0.02353015
v 0.02659299 0.02659299 0.02353015
v 0.02686257 0.02686257 0.02332753
v 0.02910640 0.02442052 0.02332753
v 0.02938391 0.02465838 0.02309554
v 0.03142159 0.02200225 0.02309554
v 0.03170703 0.02220047 0.02282831
v 0.03196868 0.02238283 0.02253465
v 0.03380022 0.01951263 0.02253465
v 0.03405393 0.01966327 0.02221163
v 0.03588547 0.01672964 0.02186511
v 0.03609162 0.01683271 0.02149804
v 0.03627398 0.01691200 0.02111041
v 0.03642463 0.01698336 0.02070810
v 0.03654356 0.01703886 0.02029405
v 0.03663078 0.01707850 0.01986531
v 0.03668628 0.01710229 0.01943363
v 0.03670213 0.01711022 0.01899902
v 0.03594890 0.01856118 0.00000235
v -0.01354229 0.00631128 -0.00600000
v 0.01354229 0.00631128 -0.00600000
v -0.03670213 0.01711022 0.00000235
v -0.03805002 0.01385151 0.01899902
v -0.03803416 0.01384358 0.01943363
v -0.03797866 0.01381979 0.01986531
v -0.03789144 0.01378808 0.02029405
v -0.03777251 0.01374843 0.02070810
v -0.03761394 0.01368500 0.02111041
v -0.03742365 0.01362157 0.02149804
v -0.03563968 0.01661864 0.02221163
v -0.03720165 0.01354229 0.02186511
v -0.03695585 0.01344714 0.02221163
v -0.03537803 0.01649178 0.02253465
v -0.03352271 0.01935405 0.02282831
v -0.03322142 0.01917962 0.02309554
v -0.03290427 0.01899726 0.02332753
v -0.03112030 0.02178818 0.02332753
v -0.00962549 0.03594098 0.02369753
v -0.01272563 0.03496574 0.02369753
v -0.01572269 0.03372093 0.02369753
v -0.01860082 0.03222240 0.02369753
v -0.02133624 0.03047807 0.02369753
v -0.02630756 0.02630756 0.02369753
v -0.02391308 0.02850382 0.02369753
v -0.02881304 0.02417473 0.02353015
v -0.00645399 0.03663870 0.02369753
v -0.00324285 0.03706686 0.02369753
v 0.00000000 0.03720957 0.02369753
v 0.00324285 0.03706686 0.02369753
v 0.00645399 0.03663870 0.02369753
v 0.00962549 0.03594098 0.02369753
v 0.01272563 0.03496574 0.02369753
v 0.01572269 0.03372093 0.02369753
v 0.01860082 0.03222240 0.02369753
v 0.02133624 0.03047807 0.02369753
v 0.02391308 0.02850382 0.02369753
v 0.02630756 0.02630756 0.02369753
v 0.02881304 0.02417473 0.02353015
v 0.03112030 0.02178818 0.02332753
v 0.03290427 0.01899726 0.02332753
v 0.03322142 0.01917962 0.02309554
v 0.03352271 0.01935405 0.02282831
v 0.03537803 0.01649178 0.02253465
v 0.03563968 0.01661864 0.02221163
v 0.03695585 0.01344714 0.02221163
v 0.03720165 0.01354229 0.02186511
v 0.03742365 0.01362157 0.02149804
v 0.03761394 0.01368500 0.02111041
v 0.03777251 0.01374843 0.02070810
v 0.03789144 0.01378808 0.02029405
v 0.03797866 0.01381979 0.01986531
v 0.03803416 0.01384358 0.01943363
v 0.03670213 0.01711022 0.00000235
v 0.03805002 0.01385151 0.01899902
v -0.01404180 0.00510611 -0.00600000
v 0.01404180 0.00510611 -0.00600000
v -0.03805002 0.01385151 0.00000235
v -0.03911247 0.01048179 0.01899902
v -0.03909661 0.01047386 0.01943363
v -0.03904111 0.01045801 0.01986531
v -0.03895390 0.01043422 0.02029405
v -0.03882704 0.01040251 0.02070810
v -0.03866053 0.01035493 0.02111041
v -0.03847024 0.01030736 0.02149804
v -0.03824031 0.01024393 0.02186511
v -0.03667835 0.01334407 0.02253465
v -0.03798659 0.01017257 0.02221163
v -0.03770115 0.01010121 0.02253465
v -0.03637706 0.01323307 0.02282831
v -0.03508467 0.01635699 0.02282831
v -0.03476752 0.01621427 0.02309554
v -0.03443451 0.01605570 0.02332753
v -0.03408565 0.01588919 0.02353015
v -0.03257126 0.01879904 0.02353015
v -0.03080315 0.02156617 0.02353015
v -0.00952242 0.03553661 0.02382674
v -0.00638264 0.03623434 0.02382674
v -0.01554826 0.03334035 0.02382674
v -0.01258291 0.03456930 0.02382674
v -0.01839468 0.03185767 0.02382674
v -0.02109837 0.03013714 0.02382674
v -0.02601419 0.02601419 0.02382674
v -0.02850382 0.02391308 0.02369753
v -0.02364350 0.02817874 0.02382674
v -0.03047807 0.02133624 0.02369753
v -0.00320321 0.03664663 0.02382674
v 0.00000000 0.03678935 0.02382674
v 0.00320321 0.03664663 0.02382674
v 0.00638264 0.03623434 0.02382674
v 0.00952242 0.03553661 0.02382674
v 0.01258291 0.03456930 0.02382674
v 0.01554826 0.03334035 0.02382674
v 0.01839468 0.03185767 0.02382674
v 0.02109837 0.03013714 0.02382674
v 0.02364350 0.02817874 0.02382674
v 0.02601419 0.02601419 0.02382674
v 0.02850382 0.02391308 0.02369753
v 0.03047807 0.02133624 0.02369753
v 0.03080315 0.02156617 0.02353015
v 0.03257126 0.01879904 0.02353015
v 0.03408565 0.01588919 0.02353015
v 0.03443451 0.01605570 0.02332753
v 0.03476752 0.01621427 0.02309554
v 0.03508467 0.01635699 0.02282831
v 0.03637706 0.01323307 0.02282831
v 0.03667835 0.01334407 0.02253465
v 0.03770115 0.01010121 0.02253465
v 0.03798659 0.01017257 0.02221163
v 0.03824031 0.01024393 0.02186511
v 0.03847024 0.01030736 0.02149804
v 0.03866053 0.01035493 0.02111041
v 0.03882704 0.01040251 0.02070810
v 0.03895390 0.01043422 0.02029405
v 0.03904111 0.01045801 0.01986531
v 0.03909661 0.01047386 0.01943363
v 0.03805002 0.01385151 0.00000235
v 0.03911247 0.01048179 0.01899902
v -0.01443823 0.00386922 -0.00600000
v 0.01443823 0.00386922 -0.00600000
v -0.03911247 0.01048179 0.00000235
v -0.03988156 0.00702486 0.01899902
v -0.03986570 0.00702486 0.01943363
v -0.03980227 0.00701693 0.01986531
v -0.03971506 0.00700108 0.02029405
v -0.03958027 0.00697729 0.02070810
v -0.03942169 0.00694558 0.02111041
v -0.03922347 0.00691386 0.02149804
v -0.03899354 0.00687422 0.02186511
v -0.03873189 0.00682664 0.02221163
v -0.03843853 0.00677114 0.02253465
v -0.03739193 0.01001400 0.02282831
v -0.03605198 0.01312206 0.02309554
v -0.03570311 0.01299520 0.02332753
v -0.03372093 0.01572269 0.02369753
v -0.03533839 0.01286042 0.02353015
v -0.03496574 0.01272563 0.02369753
v -0.03222240 0.01860082 0.02369753
v -0.00941141 0.03512431 0.02392365
v -0.00631128 0.03581412 0.02392365
v -0.01243226 0.03417287 0.02392365
v -0.00316357 0.03622641 0.02392365
v -0.01536590 0.03295977 0.02392365
v -0.01818060 0.03149295 0.02392365
v -0.02085258 0.02978827 0.02392365
v -0.02337392 0.02785366 0.02392365
v -0.02817874 0.02364350 0.02382674
v -0.02785366 0.02337392 0.02392365
v -0.02571290 0.02571290 0.02392365
v -0.03013714 0.02109837 0.02382674
v 0.00000000 0.03636120 0.02392365
v 0.00316357 0.03622641 0.02392365
v 0.00631128 0.03581412 0.02392365
v 0.00941141 0.03512431 0.02392365
v 0.01243226 0.03417287 0.02392365
v 0.01536590 0.03295977 0.02392365
v 0.01818060 0.03149295 0.02392365
v 0.02085258 0.02978827 0.02392365
v 0.02337392 0.02785366 0.02392365
v 0.02785366 0.02337392 0.02392365
v 0.02817874 0.02364350 0.02382674
v 0.02571290 0.02571290 0.02392365
v 0.03013714 0.02109837 0.02382674
v 0.03222240 0.01860082 0.02369753
v 0.03372093 0.01572269 0.02369753
v 0.03496574 0.01272563 0.02369753
v 0.03533839 0.01286042 0.02353015
v 0.03570311 0.01299520 0.02332753
v 0.03605198 0.01312206 0.02309554
v 0.03739193 0.01001400 0.02282831
v 0.03843853 0.00677114 0.02253465
v 0.03873189 0.00682664 0.02221163
v 0.03899354 0.00687422 0.02186511
v 0.03922347 0.00691386 0.02149804
v 0.03942169 0.00694558 0.02111041
v 0.03958027 0.00697729 0.02070810
v 0.03971506 0.00700108 0.02029405
v 0.03980227 0.00701693 0.01986531
v 0.03986570 0.00702486 0.01943363
v 0.03911247 0.01048179 0.00000235
v 0.03988156 0.00702486 0.01899902
v -0.01471574 0.00259270 -0.00600000
v -0.03988156 0.00702486 0.00000235
v 0.01471574 0.00259270 -0.00600000
v 0.03988156 0.00702486 0.00000235
v -0.04033350 0.00366308 0.01298199
v -0.04034143 0.00352829 0.01899902
v -0.04032557 0.00352036 0.01943363
v -0.04027007 0.00352036 0.01986531
v -0.04017492 0.00351243 0.02029405
v -0.04004013 0.00349657 0.02070810
v -0.03987363 0.00348865 0.02111041
v -0.03967541 0.00346486 0.02149804
v -0.03943755 0.00344900 0.02186511
v -0.03917590 0.00342522 0.02221163
v -0.03888254 0.00340143 0.02253465
v -0.03856539 0.00336971 0.02282831
v -0.03812138 0.00671564 0.02282831
v -0.03705893 0.00992678 0.02309554
v -0.03670213 0.00983164 0.02332753
v -0.03632948 0.00972856 0.02353015
v -0.03334035 0.01554826 0.02382674
v -0.03594098 0.00962549 0.02369753
v -0.03553661 0.00952242 0.02382674
v -0.03456930 0.01258291 0.02382674
v -0.03185767 0.01839468 0.02382674
v -0.00930041 0.03470409 0.02397944
v -0.00623992 0.03538596 0.02397944
v -0.01228955 0.03376850 0.02397944
v -0.00313185 0.03579826 0.02397944
v 0.00000000 0.03593305 0.02397944
v -0.01796652 0.03112030 0.02397944
v -0.01518354 0.03256333 0.02397944
v -0.02060679 0.02943148 0.02397944
v -0.02309642 0.02752065 0.02397944
v -0.02752065 0.02309642 0.02397944
v -0.02978827 0.02085258 0.02392365
v -0.02943148 0.02060679 0.02397944
v -0.02540368 0.02540368 0.02397944
v -0.03149295 0.01818060 0.02392365
v 0.00313185 0.03579826 0.02397944
v 0.00623992 0.03538596 0.02397944
v 0.00930041 0.03470409 0.02397944
v 0.01228955 0.03376850 0.02397944
v 0.01518354 0.03256333 0.02397944
v 0.01796652 0.03112030 0.02397944
v 0.02060679 0.02943148 0.02397944
v 0.02309642 0.02752065 0.02397944
v 0.02752065 0.02309642 0.02397944
v 0.02943148 0.02060679 0.02397944
v 0.02978827 0.02085258 0.02392365
v 0.02540368 0.02540368 0.02397944
v 0.03149295 0.01818060 0.02392365
v 0.03185767 0.01839468 0.02382674
v 0.03334035 0.01554826 0.02382674
v 0.03456930 0.01258291 0.02382674
v 0.03553661 0.00952242 0.02382674
v 0.03594098 0.00962549 0.02369753
v 0.03632948 0.00972856 0.02353015
v 0.03670213 0.00983164 0.02332753
v 0.03705893 0.00992678 0.02309554
v 0.03812138 0.00671564 0.02282831
v 0.03856539 0.00336971 0.02282831
v 0.03888254 0.00340143 0.02253465
v 0.03917590 0.00342522 0.02221163
v 0.03943755 0.00344900 0.02186511
v 0.03967541 0.00346486 0.02149804
v 0.03987363 0.00348865 0.02111041
v 0.04004013 0.00349657 0.02070810
v 0.04017492 0.00351243 0.02029405
v 0.04027007 0.00352036 0.01986531
v 0.04032557 0.00352036 0.01943363
v 0.04034143 0.00352829 0.01899902
v 0.04033350 0.00366308 0.01298199
v -0.01489017 0.00130031 -0.00600000
v -0.04033350 0.00366308 0.01201586
v -0.04034143 0.00352829 0.00000235
v 0.01489017 0.00130031 -0.00600000
v 0.04033350 0.00366308 0.01201586
v 0.04034143 0.00352829 0.00000235
v -0.04034143 0.00356793 0.01345478
v -0.04034936 0.00347279 0.01376312
v -0.04036521 0.00327457 0.01420654
v -0.04039693 0.00283056 0.01487608
v -0.04041279 0.00260856 0.01511394
v -0.04042864 0.00237069 0.01533418
v -0.04046829 0.00156196 0.01585102
v -0.04050000 0.00000000 0.01899902
v -0.04047622 0.00000000 0.01943363
v -0.04042071 0.00000000 0.01986531
v -0.04032557 0.00000000 0.02029405
v -0.04019078 0.00000000 0.02070810
v -0.04002428 0.00000000 0.02111041
v -0.03982606 0.00000000 0.02149804
v -0.03958820 0.00000000 0.02186511
v -0.03932655 0.00000000 0.02221163
v -0.03903318 0.00000000 0.02253465
v -0.03870810 0.00000000 0.02282831
v -0.03836717 0.00000000 0.02309554
v -0.03821652 0.00333800 0.02309554
v -0.03778044 0.00666014 0.02309554
v -0.03741572 0.00659671 0.02332753
v -0.03703514 0.00652535 0.02353015
v -0.03295977 0.01536590 0.02392365
v -0.03663870 0.00645399 0.02369753
v -0.03623434 0.00638264 0.02382674
v -0.03581412 0.00631128 0.02392365
v -0.03512431 0.00941141 0.02392365
v -0.03417287 0.01243226 0.02392365
v -0.00918148 0.03428387 0.02400000
v -0.00616063 0.03495781 0.02400000
v -0.01213890 0.03335621 0.02400000
v -0.01500118 0.03216690 0.02400000
v -0.00309221 0.03536218 0.02400000
v 0.00000000 0.03549697 0.02400000
v -0.01774452 0.03073972 0.02400000
v -0.02036100 0.02907469 0.02400000
v -0.02281891 0.02718765 0.02400000
v -0.02718765 0.02281891 0.02400000
v -0.02907469 0.02036100 0.02400000
v -0.03112030 0.01796652 0.02397944
v -0.02509446 0.02509446 0.02400000
v 0.00309221 0.03536218 0.02400000
v 0.00616063 0.03495781 0.02400000
v 0.00918148 0.03428387 0.02400000
v 0.01213890 0.03335621 0.02400000
v 0.01500118 0.03216690 0.02400000
v 0.01774452 0.03073972 0.02400000
v 0.02036100 0.02907469 0.02400000
v 0.02281891 0.02718765 0.02400000
v 0.02718765 0.02281891 0.02400000
v 0.02907469 0.02036100 0.02400000
v 0.03112030 0.01796652 0.02397944
v 0.02509446 0.02509446 0.02400000
v 0.03295977 0.01536590 0.02392365
v 0.03417287 0.01243226 0.02392365
v 0.03512431 0.00941141 0.02392365
v 0.03581412 0.00631128 0.02392365
v 0.03623434 0.00638264 0.02382674
v 0.03663870 0.00645399 0.02369753
v 0.03703514 0.00652535 0.02353015
v 0.03741572 0.00659671 0.02332753
v 0.03778044 0.00666014 0.02309554
v 0.03821652 0.00333800 0.02309554
v 0.03836717 0.00000000 0.02309554
v 0.03870810 0.00000000 0.02282831
v 0.03903318 0.00000000 0.02253465
v 0.03932655 0.00000000 0.02221163
v 0.03958820 0.00000000 0.02186511
v 0.03982606 0.00000000 0.02149804
v 0.04002428 0.00000000 0.02111041
v 0.04019078 0.00000000 0.02070810
v 0.04032557 0.00000000 0.02029405
v 0.04042071 0.00000000 0.01986531
v 0.04047622 0.00000000 0.01943363
v 0.04050000 0.00000000 0.01899902
v 0.04046829 0.00156196 0.01585102
v 0.04042864 0.00237069 0.01533418
v 0.04041279 0.00260856 0.01511394
v 0.04039693 0.00283056 0.01487608
v 0.04036521 0.00327457 0.01420654
v 0.04034936 0.00347279 0.01376312
v 0.04034143 0.00356793 0.01345478
v -0.01494567 0.00000000 -0.00600000
v -0.04050000 0.00000000 0.00000235
v -0.04034143 0.00356793 0.01154013
v -0.04046829 0.00156196 0.00914389
v -0.04042864 0.00237069 0.00966366
v -0.04041279 0.00260856 0.00988097
v -0.04039693 0.00283056 0.01011883
v -0.04036521 0.00327457 0.01079131
v -0.04034936 0.00347279 0.01123179
v 0.01494567 0.00000000 -0.00600000
v 0.04050000 0.00000000 0.00000235
v 0.04034143 0.00356793 0.01154307
v 0.04034936 0.00347279 0.01123179
v 0.04036521 0.00327457 0.01079131
v 0.04039693 0.00283056 0.01011883
v 0.04041279 0.00260856 0.00988097
v 0.04042864 0.00237069 0.00966366
v 0.04046829 0.00156196 0.00914389
v -0.04048414 0.00111002 0.01602721
v -0.04049207 0.00080080 0.01610944
v -0.04049207 -0.00080080 0.01610944
v -0.04048414 -0.00111002 0.01602721
v -0.04046829 -0.00156196 0.01585102
v -0.04034143 -0.00352829 0.01899902
v -0.04032557 -0.00352036 0.01943363
v -0.04027007 -0.00352036 0.01986531
v -0.04017492 -0.00351243 0.02029405
v -0.04004013 -0.00349657 0.02070810
v -0.03987363 -0.00348865 0.02111041
v -0.03967541 -0.00346486 0.02149804
v -0.03943755 -0.00344900 0.02186511
v -0.03917590 -0.00342522 0.02221163
v -0.03888254 -0.00340143 0.02253465
v -0.03856539 -0.00336971 0.02282831
v -0.03821652 -0.00333800 0.02309554
v -0.03785180 -0.00330628 0.02332753
v -0.03799452 0.00000000 0.02332753
v -0.03785180 0.00330628 0.02332753
v -0.03746329 0.00327457 0.02353015
v -0.03706686 0.00324285 0.02369753
v -0.03376850 0.01228955 0.02397944
v -0.03256333 0.01518354 0.02397944
v -0.03622641 0.00316357 0.02392365
v -0.03664663 0.00320321 0.02382674
v -0.03579826 0.00313185 0.02397944
v -0.03538596 0.00623992 0.02397944
v -0.03470409 0.00930041 0.02397944
v -0.03073972 0.01774452 0.02400000
v -0.03216690 0.01500118 0.02400000
v 0.03073972 0.01774452 0.02400000
v 0.03216690 0.01500118 0.02400000
v 0.03256333 0.01518354 0.02397944
v 0.03376850 0.01228955 0.02397944
v 0.03470409 0.00930041 0.02397944
v 0.03538596 0.00623992 0.02397944
v 0.03579826 0.00313185 0.02397944
v 0.03622641 0.00316357 0.02392365
v 0.03664663 0.00320321 0.02382674
v 0.03706686 0.00324285 0.02369753
v 0.03746329 0.00327457 0.02353015
v 0.03785180 0.00330628 0.02332753
v 0.03856539 -0.00336971 0.02282831
v 0.03799452 0.00000000 0.02332753
v 0.03785180 -0.00330628 0.02332753
v 0.03821652 -0.00333800 0.02309554
v 0.03888254 -0.00340143 0.02253465
v 0.03917590 -0.00342522 0.02221163
v 0.03943755 -0.00344900 0.02186511
v 0.03967541 -0.00346486 0.02149804
v 0.03987363 -0.00348865 0.02111041
v 0.04004013 -0.00349657 0.02070810
v 0.04017492 -0.00351243 0.02029405
v 0.04027007 -0.00352036 0.01986531
v 0.04032557 -0.00352036 0.01943363
v 0.04034143 -0.00352829 0.01899902
v 0.04046829 -0.00156196 0.01585102
v 0.04048414 -0.00111002 0.01602721
v 0.04049207 -0.00080080 0.01610944
v 0.04049207 0.00080080 0.01610944
v 0.04048414 0.00111002 0.01602721
v -0.01489017 -0.00130031 -0.00600000
v -0.04046829 -0.00156196 0.00914389
v -0.04048414 -0.00111002 0.00897357
v -0.04049207 -0.00080080 0.00888841
v -0.04049207 0.00079287 0.00888841
v -0.04048414 0.00111002 0.00897357
v -0.04034143 -0.00352829 0.00000235
v 0.01489017 -0.00130031 -0.00600000
v 0.04048414 0.00111002 0.00897357
v 0.04049207 0.00080080 0.00888841
v 0.04049207 -0.00079287 0.00888841
v 0.04048414 -0.00111002 0.00897357
v 0.04046829 -0.00156196 0.00914389
v 0.04034143 -0.00352829 0.00000235
v -0.04042864 -0.00237069 0.01533418
v -0.04041279 -0.00260856 0.01511394
v -0.04039693 -0.00283056 0.01487608
v -0.04036521 -0.00327457 0.01420654
v -0.04034936 -0.00347279 0.01376312
v -0.04034143 -0.00356793 0.01345478
v -0.04033350 -0.00366308 0.01298199
v -0.03988156 -0.00702486 0.01899902
v -0.03986570 -0.00702486 0.01943363
v -0.03980227 -0.00701693 0.01986531
v -0.03971506 -0.00700108 0.02029405
v -0.03958027 -0.00697729 0.02070810
v -0.03942169 -0.00694558 0.02111041
v -0.03922347 -0.00691386 0.02149804
v -0.03899354 -0.00687422 0.02186511
v -0.03873189 -0.00682664 0.02221163
v -0.03843853 -0.00677114 0.02253465
v -0.03812138 -0.00671564 0.02282831
v -0.03778044 -0.00666014 0.02309554
v -0.03741572 -0.00659671 0.02332753
v -0.03703514 -0.00652535 0.02353015
v -0.03746329 -0.00327457 0.02353015
v -0.03760601 0.00000000 0.02353015
v -0.03720957 0.00000000 0.02369753
v -0.03678935 0.00000000 0.02382674
v -0.03335621 0.01213890 0.02400000
v -0.03428387 0.00918148 0.02400000
v -0.03636120 0.00000000 0.02392365
v -0.03593305 0.00000000 0.02397944
v -0.03549697 0.00000000 0.02400000
v -0.03536218 0.00309221 0.02400000
v -0.03495781 0.00616063 0.02400000
v 0.03335621 0.01213890 0.02400000
v 0.03428387 0.00918148 0.02400000
v 0.03495781 0.00616063 0.02400000
v 0.03593305 0.00000000 0.02397944
v 0.03536218 0.00309221 0.02400000
v 0.03549697 0.00000000 0.02400000
v 0.03636120 0.00000000 0.02392365
v 0.03678935 0.00000000 0.02382674
v 0.03720957 0.00000000 0.02369753
v 0.03760601 0.00000000 0.02353015
v 0.03778044 -0.00666014 0.02309554
v 0.03812138 -0.00671564 0.02282831
v 0.03843853 -0.00677114 0.02253465
v 0.03746329 -0.00327457 0.02353015
v 0.03703514 -0.00652535 0.02353015
v 0.03741572 -0.00659671 0.02332753
v 0.03873189 -0.00682664 0.02221163
v 0.03899354 -0.00687422 0.02186511
v 0.03922347 -0.00691386 0.02149804
v 0.03942169 -0.00694558 0.02111041
v 0.03958027 -0.00697729 0.02070810
v 0.03971506 -0.00700108 0.02029405
v 0.03980227 -0.00701693 0.01986531
v 0.03986570 -0.00702486 0.01943363
v 0.04034143 -0.00356793 0.01345478
v 0.04034936 -0.00347279 0.01376312
v 0.04036521 -0.00327457 0.01420654
v 0.04039693 -0.00283056 0.01487608
v 0.04041279 -0.00260856 0.01511394
v 0.04042864 -0.00237069 0.01533418
v 0.03988156 -0.00702486 0.01899902
v 0.04033350 -0.00366308 0.01298199
v -0.01471574 -0.00259270 -0.00600000
v -0.03988156 -0.00702486 0.00000235
v -0.04042864 -0.00237069 0.00966366
v -0.04033350 -0.00366308 0.01201586
v -0.04034143 -0.00356793 0.01154307
v -0.04034936 -0.00347279 0.01123179
v -0.04036521 -0.00327457 0.01079131
v -0.04039693 -0.00283056 0.01011883
v -0.04041279 -0.00260856 0.00988097
v 0.01471574 -0.00259270 -0.00600000
v 0.03988156 -0.00702486 0.00000235
v 0.04042864 -0.00237069 0.00966366
v 0.04041279 -0.00260856 0.00988097
v 0.04039693 -0.00283056 0.01011883
v 0.04036521 -0.00327457 0.01079131
v 0.04034936 -0.00347279 0.01123179
v 0.04034143 -0.00356793 0.01154013
v 0.04033350 -0.00366308 0.01201586
v -0.03911247 -0.01048179 0.01899902
v -0.03909661 -0.01047386 0.01943363
v -0.03904111 -0.01045801 0.01986531
v -0.03895390 -0.01043422 0.02029405
v -0.03882704 -0.01040251 0.02070810
v -0.03866053 -0.01035493 0.02111041
v -0.03847024 -0.01030736 0.02149804
v -0.03824031 -0.01024393 0.02186511
v -0.03798659 -0.01017257 0.02221163
v -0.03770115 -0.01010121 0.02253465
v -0.03739193 -0.01001400 0.02282831
v -0.03705893 -0.00992678 0.02309554
v -0.03670213 -0.00983164 0.02332753
v -0.03632948 -0.00972856 0.02353015
v -0.03706686 -0.00324285 0.02369753
v -0.03594098 -0.00962549 0.02369753
v -0.03663870 -0.00645399 0.02369753
v -0.03664663 -0.00320321 0.02382674
v -0.03622641 -0.00316357 0.02392365
v -0.03579826 -0.00313185 0.02397944
v -0.03536218 -0.00309221 0.02400000
v 0.03579826 -0.00313185 0.02397944
v 0.03622641 -0.00316357 0.02392365
v 0.03536218 -0.00309221 0.02400000
v 0.03706686 -0.00324285 0.02369753
v 0.03664663 -0.00320321 0.02382674
v 0.03670213 -0.00983164 0.02332753
v 0.03705893 -0.00992678 0.02309554
v 0.03739193 -0.01001400 0.02282831
v 0.03770115 -0.01010121 0.02253465
v 0.03663870 -0.00645399 0.02369753
v 0.03594098 -0.00962549 0.02369753
v 0.03632948 -0.00972856 0.02353015
v 0.03798659 -0.01017257 0.02221163
v 0.03824031 -0.01024393 0.02186511
v 0.03847024 -0.01030736 0.02149804
v 0.03866053 -0.01035493 0.02111041
v 0.03882704 -0.01040251 0.02070810
v 0.03895390 -0.01043422 0.02029405
v 0.03904111 -0.01045801 0.01986531
v 0.03909661 -0.01047386 0.01943363
v 0.03911247 -0.01048179 0.01899902
v -0.01443823 -0.00386922 -0.00600000
v -0.03911247 -0.01048179 0.00000235
v 0.01443823 -0.00386922 -0.00600000
v 0.03911247 -0.01048179 0.00000235
v -0.03805002 -0.01385151 0.01899902
v -0.03803416 -0.01384358 0.01943363
v -0.03797866 -0.01381979 0.01986531
v -0.03789144 -0.01378808 0.02029405
v -0.03777251 -0.01374843 0.02070810
v -0.03761394 -0.01368500 0.02111041
v -0.03742365 -0.01362157 0.02149804
v -0.03720165 -0.01354229 0.02186511
v -0.03695585 -0.01344714 0.02221163
v -0.03667835 -0.01334407 0.02253465
v -0.03637706 -0.01323307 0.02282831
v -0.03605198 -0.01312206 0.02309554
v -0.03570311 -0.01299520 0.02332753
v -0.03533839 -0.01286042 0.02353015
v -0.03496574 -0.01272563 0.02369753
v -0.03623434 -0.00638264 0.02382674
v -0.03553661 -0.00952242 0.02382674
v -0.03581412 -0.00631128 0.02392365
v -0.03538596 -0.00623992 0.02397944
v -0.03495781 -0.00616063 0.02400000
v 0.03581412 -0.00631128 0.02392365
v 0.03495781 -0.00616063 0.02400000
v 0.03538596 -0.00623992 0.02397944
v 0.03623434 -0.00638264 0.02382674
v 0.03570311 -0.01299520 0.02332753
v 0.03605198 -0.01312206 0.02309554
v 0.03637706 -0.01323307 0.02282831
v 0.03667835 -0.01334407 0.02253465
v 0.03695585 -0.01344714 0.02221163
v 0.03553661 -0.00952242 0.02382674
v 0.03496574 -0.01272563 0.02369753
v 0.03533839 -0.01286042 0.02353015
v 0.03720165 -0.01354229 0.02186511
v 0.03742365 -0.01362157 0.02149804
v 0.03761394 -0.01368500 0.02111041
v 0.03777251 -0.01374843 0.02070810
v 0.03789144 -0.01378808 0.02029405
v 0.03797866 -0.01381979 0.01986531
v 0.03803416 -0.01384358 0.01943363
v 0.03805002 -0.01385151 0.01899902
v -0.01404180 -0.00510611 -0.00600000
v -0.03805002 -0.01385151 0.00000235
v 0.01404180 -0.00510611 -0.00600000
v 0.03805002 -0.01385151 0.00000235
v -0.03670213 -0.01711022 0.01899902
v -0.03668628 -0.01710229 0.01943363
v -0.03663078 -0.01707850 0.01986531
v -0.03654356 -0.01703886 0.02029405
v -0.03642463 -0.01698336 0.02070810
v -0.03627398 -0.01691200 0.02111041
v -0.03609162 -0.01683271 0.02149804
v -0.03588547 -0.01672964 0.02186511
v -0.03563968 -0.01661864 0.02221163
v -0.03537803 -0.01649178 0.02253465
v -0.03508467 -0.01635699 0.02282831
v -0.03476752 -0.01621427 0.02309554
v -0.03443451 -0.01605570 0.02332753
v -0.03408565 -0.01588919 0.02353015
v -0.03456930 -0.01258291 0.02382674
v -0.03372093 -0.01572269 0.02369753
v -0.03334035 -0.01554826 0.02382674
v -0.03417287 -0.01243226 0.02392365
v -0.03512431 -0.00941141 0.02392365
v -0.03470409 -0.00930041 0.02397944
v -0.03428387 -0.00918148 0.02400000
v 0.03512431 -0.00941141 0.02392365
v 0.03470409 -0.00930041 0.02397944
v 0.03428387 -0.00918148 0.02400000
v 0.03408565 -0.01588919 0.02353015
v 0.03443451 -0.01605570 0.02332753
v 0.03476752 -0.01621427 0.02309554
v 0.03508467 -0.01635699 0.02282831
v 0.03537803 -0.01649178 0.02253465
v 0.03563968 -0.01661864 0.02221163
v 0.03588547 -0.01672964 0.02186511
v 0.03417287 -0.01243226 0.02392365
v 0.03456930 -0.01258291 0.02382674
v 0.03334035 -0.01554826 0.02382674
v 0.03372093 -0.01572269 0.02369753
v 0.03609162 -0.01683271 0.02149804
v 0.03627398 -0.01691200 0.02111041
v 0.03642463 -0.01698336 0.02070810
v 0.03654356 -0.01703886 0.02029405
v 0.03663078 -0.01707850 0.01986531
v 0.03668628 -0.01710229 0.01943363
v 0.03670213 -0.01711022 0.01899902
v -0.01354229 -0.00631128 -0.00600000
v -0.03670213 -0.01711022 0.00000235
v 0.01354229 -0.00631128 -0.00600000
v 0.03670213 -0.01711022 0.00000235
v -0.03506881 -0.02025000 0.01899902
v -0.03505296 -0.02023414 0.01943363
v -0.03500538 -0.02021036 0.01986531
v -0.03492610 -0.02016278 0.02029405
v -0.03480716 -0.02009143 0.02070810
v -0.03466445 -0.02001214 0.02111041
v -0.03449002 -0.01990906 0.02149804
v -0.03428387 -0.01979013 0.02186511
v -0.03405393 -0.01966327 0.02221163
v -0.03380022 -0.01951263 0.02253465
v -0.03352271 -0.01935405 0.02282831
v -0.03322142 -0.01917962 0.02309554
v -0.03290427 -0.01899726 0.02332753
v -0.03257126 -0.01879904 0.02353015
v -0.03295977 -0.01536590 0.02392365
v -0.03222240 -0.01860082 0.02369753
v -0.03185767 -0.01839468 0.02382674
v -0.03376850 -0.01228955 0.02397944
v -0.03335621 -0.01213890 0.02400000
v 0.03376850 -0.01228955 0.02397944
v 0.03335621 -0.01213890 0.02400000
v 0.03257126 -0.01879904 0.02353015
v 0.03290427 -0.01899726 0.02332753
v 0.03322142 -0.01917962 0.02309554
v 0.03352271 -0.01935405 0.02282831
v 0.03380022 -0.01951263 0.02253465
v 0.03405393 -0.01966327 0.02221163
v 0.03428387 -0.01979013 0.02186511
v 0.03449002 -0.01990906 0.02149804
v 0.03295977 -0.01536590 0.02392365
v 0.03185767 -0.01839468 0.02382674
v 0.03222240 -0.01860082 0.02369753
v 0.03466445 -0.02001214 0.02111041
v 0.03480716 -0.02009143 0.02070810
v 0.03492610 -0.02016278 0.02029405
v 0.03500538 -0.02021036 0.01986531
v 0.03505296 -0.02023414 0.01943363
v 0.03506881 -0.02025000 0.01899902
v -0.01293970 -0.00746887 -0.00600000
v -0.03506881 -0.02025000 0.00000235
v 0.03506881 -0.02025000 0.00000235
v 0.01293970 -0.00746887 -0.00600000
v -0.03317385 -0.02322328 0.01899902
v -0.03315799 -0.02321535 0.01943363
v -0.03311042 -0.02318363 0.01986531
v -0.03303113 -0.02312813 0.02029405
v -0.03292805 -0.02305677 0.02070810
v -0.03278534 -0.02295370 0.02111041
v -0.03262676 -0.02284270 0.02149804
v -0.03242854 -0.02270791 0.02186511
v -0.03221447 -0.02255726 0.02221163
v -0.03196868 -0.02238283 0.02253465
v -0.03170703 -0.02220047 0.02282831
v -0.03142159 -0.02200225 0.02309554
v -0.03112030 -0.02178818 0.02332753
v -0.03080315 -0.02156617 0.02353015
v -0.03047807 -0.02133624 0.02369753
v -0.03149295 -0.01818060 0.02392365
v -0.03112030 -0.01796652 0.02397944
v -0.03256333 -0.01518354 0.02397944
v -0.03013714 -0.02109837 0.02382674
v -0.03216690 -0.01500118 0.02400000
v 0.03216690 -0.01500118 0.02400000
v 0.03256333 -0.01518354 0.02397944
v 0.03047807 -0.02133624 0.02369753
v 0.03080315 -0.02156617 0.02353015
v 0.03112030 -0.02178818 0.02332753
v 0.03142159 -0.02200225 0.02309554
v 0.03170703 -0.02220047 0.02282831
v 0.03196868 -0.02238283 0.02253465
v 0.03221447 -0.02255726 0.02221163
v 0.03242854 -0.02270791 0.02186511
v 0.03262676 -0.02284270 0.02149804
v 0.03112030 -0.01796652 0.02397944
v 0.03149295 -0.01818060 0.02392365
v 0.03013714 -0.02109837 0.02382674
v 0.03278534 -0.02295370 0.02111041
v 0.03292805 -0.02305677 0.02070810
v 0.03303113 -0.02312813 0.02029405
v 0.03311042 -0.02318363 0.01986531
v 0.03315799 -0.02321535 0.01943363
v 0.03317385 -0.02322328 0.01899902
v -0.01224197 -0.00857097 -0.00600000
v -0.03317385 -0.02322328 0.00000235
v 0.03317385 -0.02322328 0.00000235
v 0.01224197 -0.00857097 -0.00600000
v -0.03101723 -0.02603005 0.01899902
v -0.03100930 -0.02601419 0.01943363
v -0.03096173 -0.02598248 0.01986531
v -0.03089037 -0.02591905 0.02029405
v -0.03078729 -0.02583183 0.02070810
v -0.03066043 -0.02572876 0.02111041
v -0.03050979 -0.02560190 0.02149804
v -0.03032743 -0.02545125 0.02186511
v -0.03012128 -0.02527682 0.02221163
v -0.02989928 -0.02508653 0.02253465
v -0.02965349 -0.02488038 0.02282831
v -0.02938391 -0.02465838 0.02309554
v -0.02910640 -0.02442052 0.02332753
v -0.02881304 -0.02417473 0.02353015
v -0.02850382 -0.02391308 0.02369753
v -0.02978827 -0.02085258 0.02392365
v -0.03073972 -0.01774452 0.02400000
v -0.02943148 -0.02060679 0.02397944
v -0.02907469 -0.02036100 0.02400000
v -0.02817874 -0.02364350 0.02382674
v -0.02785366 -0.02337392 0.02392365
v 0.03073972 -0.01774452 0.02400000
v 0.02850382 -0.02391308 0.02369753
v 0.02881304 -0.02417473 0.02353015
v 0.02910640 -0.02442052 0.02332753
v 0.02938391 -0.02465838 0.02309554
v 0.02965349 -0.02488038 0.02282831
v 0.02989928 -0.02508653 0.02253465
v 0.03012128 -0.02527682 0.02221163
v 0.03032743 -0.02545125 0.02186511
v 0.03050979 -0.02560190 0.02149804
v 0.03066043 -0.02572876 0.02111041
v 0.02907469 -0.02036100 0.02400000
v 0.02943148 -0.02060679 0.02397944
v 0.02978827 -0.02085258 0.02392365
v 0.02785366 -0.02337392 0.02392365
v 0.02817874 -0.02364350 0.02382674
v 0.03078729 -0.02583183 0.02070810
v 0.03089037 -0.02591905 0.02029405
v 0.03096173 -0.02598248 0.01986531
v 0.03100930 -0.02601419 0.01943363
v 0.03101723 -0.02603005 0.01899902
v -0.01144910 -0.00960963 -0.00600000
v -0.03101723 -0.02603005 0.00000235
v 0.03101723 -0.02603005 0.00000235
v 0.01144910 -0.00960963 -0.00600000
v -0.02863068 -0.02863068 0.01899902
v -0.02862275 -0.02862275 0.01943363
v -0.02858310 -0.02858310 0.01986531
v -0.02851175 -0.02851175 0.02029405
v -0.02842453 -0.02842453 0.02070810
v -0.02830560 -0.02830560 0.02111041
v -0.02816288 -0.02816288 0.02149804
v -0.02799638 -0.02799638 0.02186511
v -0.02780609 -0.02780609 0.02221163
v -0.02759994 -0.02759994 0.02253465
v -0.02737001 -0.02737001 0.02282831
v -0.02712422 -0.02712422 0.02309554
v -0.02686257 -0.02686257 0.02332753
v -0.02659299 -0.02659299 0.02353015
v -0.02630756 -0.02630756 0.02369753
v -0.02601419 -0.02601419 0.02382674
v -0.02752065 -0.02309642 0.02397944
v -0.02718765 -0.02281891 0.02400000
v -0.02571290 -0.02571290 0.02392365
v 0.02601419 -0.02601419 0.02382674
v 0.02630756 -0.02630756 0.02369753
v 0.02659299 -0.02659299 0.02353015
v 0.02686257 -0.02686257 0.02332753
v 0.02712422 -0.02712422 0.02309554
v 0.02737001 -0.02737001 0.02282831
v 0.02759994 -0.02759994 0.02253465
v 0.02780609 -0.02780609 0.02221163
v 0.02799638 -0.02799638 0.02186511
v 0.02816288 -0.02816288 0.02149804
v 0.02830560 -0.02830560 0.02111041
v 0.02842453 -0.02842453 0.02070810
v 0.02718765 -0.02281891 0.02400000
v 0.02752065 -0.02309642 0.02397944
v 0.02571290 -0.02571290 0.02392365
v 0.02851175 -0.02851175 0.02029405
v 0.02858310 -0.02858310 0.01986531
v 0.02862275 -0.02862275 0.01943363
v 0.02863068 -0.02863068 0.01899902
v -0.01056901 -0.01056901 -0.00600000
v -0.02863068 -0.02863068 0.00000235
v 0.02863068 -0.02863068 0.00000235
v 0.01056901 -0.01056901 -0.00600000
v -0.02603005 -0.03101723 0.01899902
v -0.02601419 -0.03100930 0.01943363
v -0.02598248 -0.03096173 0.01986531
v -0.02591905 -0.03089037 0.02029405
v -0.02583183 -0.03078729 0.02070810
v -0.02572876 -0.03066043 0.02111041
v -0.02560190 -0.03050979 0.02149804
v -0.02545125 -0.03032743 0.02186511
v -0.02527682 -0.03012128 0.02221163
v -0.02508653 -0.02989928 0.02253465
v -0.02488038 -0.02965349 0.02282831
v -0.02465838 -0.02938391 0.02309554
v -0.02442052 -0.02910640 0.02332753
v -0.02417473 -0.02881304 0.02353015
v -0.02391308 -0.02850382 0.02369753
v -0.02364350 -0.02817874 0.02382674
v -0.02337392 -0.02785366 0.02392365
v -0.02540368 -0.02540368 0.02397944
v -0.02509446 -0.02509446 0.02400000
v -0.02309642 -0.02752065 0.02397944
v 0.02337392 -0.02785366 0.02392365
v 0.02364350 -0.02817874 0.02382674
v 0.02391308 -0.02850382 0.02369753
v 0.02417473 -0.02881304 0.02353015
v 0.02442052 -0.02910640 0.02332753
v 0.02465838 -0.02938391 0.02309554
v 0.02488038 -0.02965349 0.02282831
v 0.02508653 -0.02989928 0.02253465
v 0.02527682 -0.03012128 0.02221163
v 0.02545125 -0.03032743 0.02186511
v 0.02560190 -0.03050979 0.02149804
v 0.02572876 -0.03066043 0.02111041
v 0.02583183 -0.03078729 0.02070810
v 0.02591905 -0.03089037 0.02029405
v 0.02509446 -0.02509446 0.02400000
v 0.02540368 -0.02540368 0.02397944
v 0.02309642 -0.02752065 0.02397944
v 0.02598248 -0.03096173 0.01986531
v 0.02601419 -0.03100930 0.01943363
v 0.02603005 -0.03101723 0.01899902
v -0.00960963 -0.01144910 -0.00600000
v -0.02603005 -0.03101723 0.00000235
v 0.02603005 -0.03101723 0.00000235
v 0.00960963 -0.01144910 -0.00600000
v -0.02322328 -0.03317385 0.01899902
v -0.02321535 -0.03315799 0.01943363
v -0.02318363 -0.03311042 0.01986531
v -0.02312813 -0.03303113 0.02029405
v -0.02305677 -0.03292805 0.02070810
v -0.02295370 -0.03278534 0.02111041
v -0.02284270 -0.03262676 0.02149804
v -0.02270791 -0.03242854 0.02186511
v -0.02255726 -0.03221447 0.02221163
v -0.02238283 -0.03196868 0.02253465
v -0.02220047 -0.03170703 0.02282831
v -0.02200225 -0.03142159 0.02309554
v -0.02178818 -0.03112030 0.02332753
v -0.02156617 -0.03080315 0.02353015
v -0.02133624 -0.03047807 0.02369753
v -0.02109837 -0.03013714 0.02382674
v -0.02085258 -0.02978827 0.02392365
v -0.02060679 -0.02943148 0.02397944
v -0.02281891 -0.02718765 0.02400000
v -0.02036100 -0.02907469 0.02400000
v 0.02060679 -0.02943148 0.02397944
v 0.02085258 -0.02978827 0.02392365
v 0.02109837 -0.03013714 0.02382674
v 0.02133624 -0.03047807 0.02369753
v 0.02156617 -0.03080315 0.02353015
v 0.02178818 -0.03112030 0.02332753
v 0.02200225 -0.03142159 0.02309554
v 0.02220047 -0.03170703 0.02282831
v 0.02238283 -0.03196868 0.02253465
v 0.02255726 -0.03221447 0.02221163
v 0.02270791 -0.03242854 0.02186511
v 0.02284270 -0.03262676 0.02149804
v 0.02295370 -0.03278534 0.02111041
v 0.02305677 -0.03292805 0.02070810
v 0.02312813 -0.03303113 0.02029405
v 0.02318363 -0.03311042 0.01986531
v 0.02281891 -0.02718765 0.02400000
v 0.02036100 -0.02907469 0.02400000
v 0.02321535 -0.03315799 0.01943363
v 0.02322328 -0.03317385 0.01899902
v -0.00857097 -0.01224197 -0.00600000
v -0.02322328 -0.03317385 0.00000235
v 0.02322328 -0.03317385 0.00000235
v 0.00857097 -0.01224197 -0.00600000
v -0.02025000 -0.03506881 0.01899902
v -0.02023414 -0.03505296 0.01943363
v -0.02021036 -0.03500538 0.01986531
v -0.02016278 -0.03492610 0.02029405
v -0.02009143 -0.03480716 0.02070810
v -0.02001214 -0.03466445 0.02111041
v -0.01990906 -0.03449002 0.02149804
v -0.01979013 -0.03428387 0.02186511
v -0.01966327 -0.03405393 0.02221163
v -0.01951263 -0.03380022 0.02253465
v -0.01935405 -0.03352271 0.02282831
v -0.01917962 -0.03322142 0.02309554
v -0.01899726 -0.03290427 0.02332753
v -0.01879904 -0.03257126 0.02353015
v -0.01860082 -0.03222240 0.02369753
v -0.01839468 -0.03185767 0.02382674
v -0.01818060 -0.03149295 0.02392365
v -0.01796652 -0.03112030 0.02397944
v -0.01774452 -0.03073972 0.02400000
v 0.01796652 -0.03112030 0.02397944
v 0.01818060 -0.03149295 0.02392365
v 0.01839468 -0.03185767 0.02382674
v 0.01860082 -0.03222240 0.02369753
v 0.01879904 -0.03257126 0.02353015
v 0.01899726 -0.03290427 0.02332753
v 0.01917962 -0.03322142 0.02309554
v 0.01935405 -0.03352271 0.02282831
v 0.01951263 -0.03380022 0.02253465
v 0.01966327 -0.03405393 0.02221163
v 0.01979013 -0.03428387 0.02186511
v 0.01990906 -0.03449002 0.02149804
v 0.02001214 -0.03466445 0.02111041
v 0.02009143 -0.03480716 0.02070810
v 0.02016278 -0.03492610 0.02029405
v 0.02021036 -0.03500538 0.01986531
v 0.01774452 -0.03073972 0.02400000
v 0.02023414 -0.03505296 0.01943363
v 0.02025000 -0.03506881 0.01899902
v 0.02168510 -0.03415701 0.00000235
v -0.00746887 -0.01293970 -0.00600000
v -0.02025000 -0.03506881 0.00000235
v 0.00746887 -0.01293970 -0.00600000
v 0.02025000 -0.03506881 0.00000235
v -0.01711022 -0.03670213 0.01899902
v -0.01710229 -0.03668628 0.01943363
v -0.01707850 -0.03663078 0.01986531
v -0.01703886 -0.03654356 0.02029405
v -0.01698336 -0.03642463 0.02070810
v -0.01691200 -0.03627398 0.02111041
v -0.01683271 -0.03609162 0.02149804
v -0.01672964 -0.03588547 0.02186511
v -0.01661864 -0.03563968 0.02221163
v -0.01649178 -0.03537803 0.02253465
v -0.01635699 -0.03508467 0.02282831
v -0.01621427 -0.03476752 0.02309554
v -0.01605570 -0.03443451 0.02332753
v -0.01588919 -0.03408565 0.02353015
v -0.01572269 -0.03372093 0.02369753
v -0.01554826 -0.03334035 0.02382674
v -0.01536590 -0.03295977 0.02392365
v -0.01518354 -0.03256333 0.02397944
v -0.01500118 -0.03216690 0.02400000
v 0.01500118 -0.03216690 0.02400000
v 0.01518354 -0.03256333 0.02397944
v 0.01536590 -0.03295977 0.02392365
v 0.01554826 -0.03334035 0.02382674
v 0.01572269 -0.03372093 0.02369753
v 0.01588919 -0.03408565 0.02353015
v 0.01605570 -0.03443451 0.02332753
v 0.01621427 -0.03476752 0.02309554
v 0.01635699 -0.03508467 0.02282831
v 0.01649178 -0.03537803 0.02253465
v 0.01661864 -0.03563968 0.02221163
v 0.01672964 -0.03588547 0.02186511
v 0.01683271 -0.03609162 0.02149804
v 0.01691200 -0.03627398 0.02111041
v 0.01698336 -0.03642463 0.02070810
v 0.01703886 -0.03654356 0.02029405
v 0.01707850 -0.03663078 0.01986531
v 0.01710229 -0.03668628 0.01943363
v 0.01711022 -0.03670213 0.01899902
v 0.01856118 -0.03594890 0.00000235
v -0.00631128 -0.01354229 -0.00600000
v -0.01711022 -0.03670213 0.00000235
v 0.00631128 -0.01354229 -0.00600000
v -0.01385151 -0.03805002 0.01899902
v -0.01384358 -0.03803416 0.01943363
v -0.01381979 -0.03797866 0.01986531
v -0.01378808 -0.03789144 0.02029405
v -0.01374843 -0.03777251 0.02070810
v -0.01368500 -0.03761394 0.02111041
v -0.01362157 -0.03742365 0.02149804
v -0.01354229 -0.03720165 0.02186511
v -0.01344714 -0.03695585 0.02221163
v -0.01334407 -0.03667835 0.02253465
v -0.01323307 -0.03637706 0.02282831
v -0.01312206 -0.03605198 0.02309554
v -0.01299520 -0.03570311 0.02332753
v -0.01286042 -0.03533839 0.02353015
v -0.01272563 -0.03496574 0.02369753
v -0.01258291 -0.03456930 0.02382674
v -0.01243226 -0.03417287 0.02392365
v -0.01228955 -0.03376850 0.02397944
v -0.01213890 -0.03335621 0.02400000
v 0.01213890 -0.03335621 0.02400000
v 0.01228955 -0.03376850 0.02397944
v 0.01243226 -0.03417287 0.02392365
v 0.01258291 -0.03456930 0.02382674
v 0.01272563 -0.03496574 0.02369753
v 0.01286042 -0.03533839 0.02353015
v 0.01299520 -0.03570311 0.02332753
v 0.01312206 -0.03605198 0.02309554
v 0.01323307 -0.03637706 0.02282831
v 0.01334407 -0.03667835 0.02253465
v 0.01344714 -0.03695585 0.02221163
v 0.01354229 -0.03720165 0.02186511
v 0.01362157 -0.03742365 0.02149804
v 0.01368500 -0.03761394 0.02111041
v 0.01374843 -0.03777251 0.02070810
v 0.01378808 -0.03789144 0.02029405
v 0.01381979 -0.03797866 0.01986531
v 0.01384358 -0.03803416 0.01943363
v 0.01385151 -0.03805002 0.01899902
v 0.01711022 -0.03670213 0.00000235
v -0.00510611 -0.01404180 -0.00600000
v -0.01385151 -0.03805002 0.00000235
v 0.00510611 -0.01404180 -0.00600000
v -0.01048179 -0.03911247 0.01899902
v -0.01047386 -0.03909661 0.01943363
v -0.01045801 -0.03904111 0.01986531
v -0.01043422 -0.03895390 0.02029405
v -0.01040251 -0.03882704 0.02070810
v -0.01035493 -0.03866053 0.02111041
v -0.01030736 -0.03847024 0.02149804
v -0.01024393 -0.03824031 0.02186511
v -0.01017257 -0.03798659 0.02221163
v -0.01010121 -0.03770115 0.02253465
v -0.01001400 -0.03739193 0.02282831
v -0.00992678 -0.03705893 0.02309554
v -0.00983164 -0.03670213 0.02332753
v -0.00972856 -0.03632948 0.02353015
v -0.00962549 -0.03594098 0.02369753
v -0.00952242 -0.03553661 0.02382674
v -0.00941141 -0.03512431 0.02392365
v -0.00930041 -0.03470409 0.02397944
v -0.00918148 -0.03428387 0.02400000
v 0.00918148 -0.03428387 0.02400000
v 0.00930041 -0.03470409 0.02397944
v 0.00941141 -0.03512431 0.02392365
v 0.00952242 -0.03553661 0.02382674
v 0.00962549 -0.03594098 0.02369753
v 0.00972856 -0.03632948 0.02353015
v 0.00983164 -0.03670213 0.02332753
v 0.00992678 -0.03705893 0.02309554
v 0.01001400 -0.03739193 0.02282831
v 0.01010121 -0.03770115 0.02253465
v 0.01017257 -0.03798659 0.02221163
v 0.01024393 -0.03824031 0.02186511
v 0.01030736 -0.03847024 0.02149804
v 0.01035493 -0.03866053 0.02111041
v 0.01040251 -0.03882704 0.02070810
v 0.01043422 -0.03895390 0.02029405
v 0.01045801 -0.03904111 0.01986531
v 0.01047386 -0.03909661 0.01943363
v 0.01385151 -0.03805002 0.00000235
v 0.01048179 -0.03911247 0.01899902
v -0.00386922 -0.01443823 -0.00600000
v -0.01048179 -0.03911247 0.00000235
v 0.00386922 -0.01443823 -0.00600000
v -0.00702486 -0.03988156 0.01899902
v -0.00702486 -0.03986570 0.01943363
v -0.00701693 -0.03980227 0.01986531
v -0.00700108 -0.03971506 0.02029405
v -0.00697729 -0.03958027 0.02070810
v -0.00694558 -0.03942169 0.02111041
v -0.00691386 -0.03922347 0.02149804
v -0.00687422 -0.03899354 0.02186511
v -0.00682664 -0.03873189 0.02221163
v -0.00677114 -0.03843853 0.02253465
v -0.00671564 -0.03812138 0.02282831
v -0.00666014 -0.03778044 0.02309554
v -0.00659671 -0.03741572 0.02332753
v -0.00652535 -0.03703514 0.02353015
v -0.00645399 -0.03663870 0.02369753
v -0.00638264 -0.03623434 0.02382674
v -0.00631128 -0.03581412 0.02392365
v -0.00623992 -0.03538596 0.02397944
v -0.00616063 -0.03495781 0.02400000
v 0.00616063 -0.03495781 0.02400000
v 0.00623992 -0.03538596 0.02397944
v 0.00631128 -0.03581412 0.02392365
v 0.00638264 -0.03623434 0.02382674
v 0.00645399 -0.03663870 0.02369753
v 0.00652535 -0.03703514 0.02353015
v 0.00659671 -0.03741572 0.02332753
v 0.00666014 -0.03778044 0.02309554
v 0.00671564 -0.03812138 0.02282831
v 0.00677114 -0.03843853 0.02253465
v 0.00682664 -0.03873189 0.02221163
v 0.00687422 -0.03899354 0.02186511
v 0.00691386 -0.03922347 0.02149804
v 0.00694558 -0.03942169 0.02111041
v 0.00697729 -0.03958027 0.02070810
v 0.00700108 -0.03971506 0.02029405
v 0.00701693 -0.03980227 0.01986531
v 0.00702486 -0.03986570 0.01943363
v 0.01048179 -0.03911247 0.00000235
v 0.00702486 -0.03988156 0.01899902
v -0.00702486 -0.03988156 0.00000235
v -0.00259270 -0.01471574 -0.00600000
v 0.00259270 -0.01471574 -0.00600000
v 0.00702486 -0.03988156 0.00000235
v -0.00366308 -0.04033350 0.01298199
v -0.00352829 -0.04034143 0.01899902
v -0.00352036 -0.04032557 0.01943363
v -0.00352036 -0.04027007 0.01986531
v -0.00351243 -0.04017492 0.02029405
v -0.00349657 -0.04004013 0.02070810
v -0.00348865 -0.03987363 0.02111041
v -0.00346486 -0.03967541 0.02149804
v -0.00344900 -0.03943755 0.02186511
v -0.00342522 -0.03917590 0.02221163
v -0.00340143 -0.03888254 0.02253465
v -0.00336971 -0.03856539 0.02282831
v -0.00333800 -0.03821652 0.02309554
v -0.00330628 -0.03785180 0.02332753
v -0.00327457 -0.03746329 0.02353015
v -0.00324285 -0.03706686 0.02369753
v -0.00320321 -0.03664663 0.02382674
v -0.00316357 -0.03622641 0.02392365
v -0.00313185 -0.03579826 0.02397944
v -0.00309221 -0.03536218 0.02400000
v 0.00309221 -0.03536218 0.02400000
v 0.00313185 -0.03579826 0.02397944
v 0.00316357 -0.03622641 0.02392365
v 0.00320321 -0.03664663 0.02382674
v 0.00324285 -0.03706686 0.02369753
v 0.00327457 -0.03746329 0.02353015
v 0.00330628 -0.03785180 0.02332753
v 0.00333800 -0.03821652 0.02309554
v 0.00336971 -0.03856539 0.02282831
v 0.00340143 -0.03888254 0.02253465
v 0.00342522 -0.03917590 0.02221163
v 0.00344900 -0.03943755 0.02186511
v 0.00346486 -0.03967541 0.02149804
v 0.00348865 -0.03987363 0.02111041
v 0.00349657 -0.04004013 0.02070810
v 0.00351243 -0.04017492 0.02029405
v 0.00352036 -0.04027007 0.01986531
v 0.00352036 -0.04032557 0.01943363
v 0.00352829 -0.04034143 0.01899902
v 0.00366308 -0.04033350 0.01298199
v -0.00130031 -0.01489017 -0.00600000
v -0.00352829 -0.04034143 0.00000235
v -0.00366308 -0.04033350 0.01201586
v 0.00130031 -0.01489017 -0.00600000
v 0.00366308 -0.04033350 0.01201586
v 0.00352829 -0.04034143 0.00000235
v -0.00356793 -0.04034143 0.01345478
v -0.00347279 -0.04034936 0.01376312
v -0.00327457 -0.04036521 0.01420654
v -0.00283056 -0.04039693 0.01487608
v -0.00260856 -0.04041279 0.01511394
v -0.00237069 -0.04042864 0.01533418
v -0.00156196 -0.04046829 0.01585102
v 0.00000000 -0.04050000 0.01899902
v 0.00000000 -0.04047622 0.01943363
v 0.00000000 -0.04042071 0.01986531
v 0.00000000 -0.04032557 0.02029405
v 0.00000000 -0.04019078 0.02070810
v 0.00000000 -0.04002428 0.02111041
v 0.00000000 -0.03982606 0.02149804
v 0.00000000 -0.03958820 0.02186511
v 0.00000000 -0.03932655 0.02221163
v 0.00000000 -0.03903318 0.02253465
v 0.00000000 -0.03870810 0.02282831
v 0.00000000 -0.03836717 0.02309554
v 0.00000000 -0.03799452 0.02332753
v 0.00000000 -0.03760601 0.02353015
v 0.00000000 -0.03720957 0.02369753
v 0.00000000 -0.03678935 0.02382674
v 0.00000000 -0.03636120 0.02392365
v 0.00000000 -0.03593305 0.02397944
v 0.00000000 -0.03549697 0.02400000
v 0.00156196 -0.04046829 0.01585102
v 0.00237069 -0.04042864 0.01533418
v 0.00260856 -0.04041279 0.01511394
v 0.00283056 -0.04039693 0.01487608
v 0.00327457 -0.04036521 0.01420654
v 0.00347279 -0.04034936 0.01376312
v 0.00356793 -0.04034143 0.01345478
v 0.00000000 -0.01494567 -0.00600000
v 0.00000000 -0.04050000 0.00000235
v -0.00356793 -0.04034143 0.01154013
v -0.00156196 -0.04046829 0.00914389
v -0.00237069 -0.04042864 0.00966366
v -0.00260856 -0.04041279 0.00988097
v -0.00283056 -0.04039693 0.01011883
v -0.00327457 -0.04036521 0.01079131
v -0.00347279 -0.04034936 0.01123179
v 0.00356793 -0.04034143 0.01154307
v 0.00347279 -0.04034936 0.01123179
v 0.00327457 -0.04036521 0.01079131
v 0.00283056 -0.04039693 0.01011883
v 0.00260856 -0.04041279 0.00988097
v 0.00237069 -0.04042864 0.00966366
v 0.00156196 -0.04046829 0.00914389
v -0.00111002 -0.04048414 0.01602721
v 0.00080080 -0.04049207 0.01610944
v 0.00111002 -0.04048414 0.01602721
v -0.00080080 -0.04049207 0.01610944
v -0.00079287 -0.04049207 0.00888841
v -0.00111002 -0.04048414 0.00897357
v 0.00111002 -0.04048414 0.00897357
v 0.00080080 -0.04049207 0.00888841
f 1 2 19
f 1 19 3
f 1 3 4
f 1 4 5
f 1 5 6
f 1 6 7
f 1 7 8
f 1 8 9
f 1 9 10
f 1 10 11
f 1 11 12
f 1 12 13
f 1 13 2
f 2 14 15
f 2 15 16
f 2 16 17
f 2 17 18
f 2 18 19
f 2 13 20
f 2 20 21
f 2 21 22
f 2 22 23
f 2 23 24
f 2 24 14
f 3 19 18
f 3 18 4
f 4 18 17
f 4 17 5
f 5 17 52
f 5 52 25
f 5 25 6
f 6 25 26
f 6 26 27
f 6 27 28
f 6 28 29
f 6 29 30
f 6 30 31
f 6 31 32
f 6 32 33
f 6 33 7
f 7 33 34
f 7 34 35
f 7 35 8
f 8 35 36
f 8 36 9
f 9 36 37
f 9 37 10
f 10 37 38
f 10 38 39
f 10 39 40
f 10 40 41
f 10 41 42
f 10 42 43
f 10 43 44
f 10 44 45
f 10 45 11
f 11 45 55
f 11 55 22
f 11 22 21
f 11 21 12
f 12 21 13
f 13 21 20
f 14 24 63
f 14 63 80
f 14 80 99
f 14 99 122
f 14 122 151
f 14 151 183
f 14 183 218
f 14 218 255
f 14 255 300
f 14 300 341
f 14 341 394
f 14 394 450
f 14 450 505
f 14 505 568
f 14 568 632
f 14 632 706
f 14 706 801
f 14 801 879
f 14 879 959
f 14 959 1012
f 14 1012 1056
f 14 1056 1102
f 14 1102 1145
f 14 1145 1189
f 14 1189 1235
f 14 1235 1277
f 14 1277 1321
f 14 1321 1365
f 14 1365 1407
f 14 1407 1450
f 14 1450 1492
f 14 1492 1534
f 14 1534 1576
f 14 1576 1621
f 14 1621 1657
f 14 1657 1618
f 14 1618 1575
f 14 1575 1532
f 14 1532 1490
f 14 1490 1448
f 14 1448 1405
f 14 1405 1362
f 14 1362 1318
f 14 1318 1274
f 14 1274 1232
f 14 1232 1186
f 14 1186 1142
f 14 1142 1100
f 14 1100 1054
f 14 1054 1010
f 14 1010 950
f 14 950 872
f 14 872 792
f 14 792 703
f 14 703 630
f 14 630 567
f 14 567 504
f 14 504 449
f 14 449 392
f 14 392 339
f 14 339 298
f 14 298 253
f 14 253 216
f 14 216 181
f 14 181 149
f 14 149 119
f 14 119 96
f 14 96 77
f 14 77 46
f 14 46 15
f 15 46 47
f 15 47 16
f 16 48 49
f 16 49 50
f 16 50 51
f 16 51 52
f 16 52 17
f 16 47 53
f 16 53 54
f 16 54 48
f 22 55 23
f 23 55 56
f 23 56 57
f 23 57 58
f 23 58 59
f 23 59 60
f 23 60 61
f 23 61 62
f 23 62 24
f 24 62 63
f 25 52 51
f 25 51 26
f 26 51 50
f 26 50 49
f 26 49 28
f 26 28 27
f 28 49 48
f 28 48 29
f 29 48 54
f 29 54 53
f 29 53 31
f 29 31 30
f 31 53 47
f 31 47 32
f 32 47 78
f 32 78 64
f 32 64 33
f 33 64 65
f 33 65 66
f 33 66 67
f 33 67 34
f 34 68 69
f 34 69 35
f 34 67 70
f 34 70 68
f 35 69 36
f 36 71 72
f 36 72 73
f 36 73 37
f 36 69 71
f 37 73 74
f 37 74 75
f 37 75 76
f 37 76 38
f 38 76 79
f 38 79 62
f 38 62 61
f 38 61 39
f 39 61 60
f 39 60 59
f 39 59 41
f 39 41 40
f 41 59 58
f 41 58 42
f 42 58 57
f 42 57 56
f 42 56 44
f 42 44 43
f 44 56 55
f 44 55 45
f 46 77 47
f 47 77 78
f 62 79 80
f 62 80 63
f 64 78 97
f 64 97 81
f 64 81 82
f 64 82 65
f 65 82 66
f 66 83 70
f 66 70 67
f 66 82 84
f 66 84 83
f 68 85 86
f 68 86 69
f 68 70 85
f 69 86 71
f 70 83 87
f 70 87 88
f 70 88 85
f 71 89 72
f 71 86 89
f 72 90 91
f 72 91 92
f 72 92 74
f 72 74 73
f 72 89 90
f 74 92 93
f 74 93 94
f 74 94 75
f 75 94 95
f 75 95 76
f 76 95 98
f 76 98 79
f 77 96 97
f 77 97 78
f 79 98 80
f 80 98 99
f 81 97 120
f 81 120 100
f 81 100 101
f 81 101 82
f 82 101 104
f 82 104 84
f 83 84 102
f 83 102 103
f 83 103 87
f 84 104 102
f 85 88 105
f 85 105 106
f 85 106 107
f 85 107 86
f 86 107 89
f 87 108 105
f 87 105 88
f 87 103 109
f 87 109 108
f 89 110 111
f 89 111 90
f 89 107 110
f 90 111 91
f 91 111 112
f 91 112 113
f 91 113 114
f 91 114 92
f 92 114 115
f 92 115 93
f 93 115 116
f 93 116 117
f 93 117 94
f 94 117 118
f 94 118 95
f 95 118 121
f 95 121 98
f 96 119 120
f 96 120 97
f 98 121 99
f 99 121 122
f 100 120 150
f 100 150 123
f 100 123 101
f 101 123 124
f 101 124 125
f 101 125 104
f 102 104 126
f 102 126 103
f 103 126 127
f 103 127 128
f 103 128 109
f 104 125 129
f 104 129 126
f 105 108 130
f 105 130 131
f 105 131 132
f 105 132 106
f 106 132 133
f 106 133 107
f 107 133 110
f 108 109 130
f 109 128 134
f 109 134 135
f 109 135 130
f 110 136 111
f 110 133 136
f 111 137 138
f 111 138 112
f 111 136 137
f 112 138 113
f 113 139 140
f 113 140 141
f 113 141 114
f 113 138 139
f 114 141 142
f 114 142 143
f 114 143 115
f 115 143 116
f 116 143 144
f 116 144 145
f 116 145 117
f 117 145 146
f 117 146 147
f 117 147 118
f 118 147 148
f 118 148 121
f 119 149 150
f 119 150 120
f 121 148 122
f 122 148 151
f 123 150 182
f 123 182 152
f 123 152 153
f 123 153 124
f 124 153 125
f 125 153 154
f 125 154 129
f 126 129 127
f 127 129 155
f 127 155 156
f 127 156 128
f 128 156 134
f 129 154 157
f 129 157 158
f 129 158 155
f 130 159 160
f 130 160 131
f 130 135 161
f 130 161 159
f 131 160 132
f 132 160 162
f 132 162 163
f 132 163 133
f 133 163 136
f 134 156 164
f 134 164 165
f 134 165 135
f 135 165 161
f 136 166 167
f 136 167 137
f 136 163 166
f 137 167 138
f 138 167 168
f 138 168 169
f 138 169 139
f 139 169 170
f 139 170 140
f 140 170 171
f 140 171 172
f 140 172 141
f 141 172 142
f 142 172 173
f 142 173 144
f 142 144 143
f 144 173 174
f 144 174 175
f 144 175 176
f 144 176 145
f 145 176 177
f 145 177 146
f 146 177 147
f 147 178 179
f 147 179 148
f 147 177 180
f 147 180 178
f 148 179 151
f 149 181 150
f 150 181 182
f 151 179 183
f 152 182 217
f 152 217 184
f 152 184 185
f 152 185 153
f 153 185 186
f 153 186 154
f 154 186 187
f 154 187 157
f 155 158 156
f 156 158 188
f 156 188 189
f 156 189 164
f 157 187 158
f 158 187 190
f 158 190 191
f 158 191 188
f 159 192 160
f 159 161 193
f 159 193 192
f 160 192 194
f 160 194 195
f 160 195 162
f 161 165 193
f 162 195 196
f 162 196 163
f 163 196 166
f 164 197 165
f 164 189 197
f 165 197 198
f 165 198 199
f 165 199 193
f 166 200 167
f 166 196 200
f 167 200 201
f 167 201 202
f 167 202 168
f 168 202 203
f 168 203 169
f 169 203 170
f 170 203 204
f 170 204 205
f 170 205 206
f 170 206 171
f 171 206 207
f 171 207 172
f 172 207 208
f 172 208 174
f 172 174 173
f 174 208 209
f 174 209 210
f 174 210 211
f 174 211 175
f 175 211 176
f 176 211 212
f 176 212 213
f 176 213 177
f 177 213 180
f 178 180 214
f 178 214 183
f 178 183 179
f 180 213 215
f 180 215 251
f 180 251 214
f 181 216 182
f 182 216 217
f 183 214 218
f 184 217 254
f 184 254 219
f 184 219 220
f 184 220 185
f 185 220 221
f 185 221 186
f 186 221 187
f 187 221 222
f 187 222 223
f 187 223 190
f 188 191 189
f 189 224 197
f 189 191 225
f 189 225 226
f 189 226 224
f 190 223 191
f 191 223 227
f 191 227 225
f 192 228 194
f 192 193 228
f 193 199 229
f 193 229 230
f 193 230 228
f 194 228 231
f 194 231 232
f 194 232 195
f 195 232 233
f 195 233 196
f 196 233 200
f 197 224 234
f 197 234 198
f 198 235 229
f 198 229 199
f 198 234 235
f 200 236 201
f 200 233 236
f 201 237 238
f 201 238 202
f 201 236 237
f 202 238 203
f 203 239 240
f 203 240 204
f 203 238 239
f 204 240 205
f 205 240 241
f 205 241 242
f 205 242 206
f 206 242 243
f 206 243 207
f 207 243 244
f 207 244 245
f 207 245 209
f 207 209 208
f 209 245 246
f 209 246 247
f 209 247 210
f 210 247 211
f 211 247 248
f 211 248 249
f 211 249 212
f 212 249 213
f 213 249 250
f 213 250 215
f 214 251 218
f 215 250 252
f 215 252 297
f 215 297 251
f 216 253 217
f 217 253 254
f 218 251 255
f 219 254 299
f 219 299 256
f 219 256 220
f 220 256 257
f 220 257 221
f 221 257 258
f 221 258 259
f 221 259 222
f 222 259 223
f 223 259 260
f 223 260 261
f 223 261 227
f 224 226 234
f 225 227 262
f 225 262 263
f 225 263 226
f 226 263 264
f 226 264 265
f 226 265 234
f 227 261 266
f 227 266 262
f 228 267 231
f 228 230 268
f 228 268 267
f 229 235 269
f 229 269 270
f 229 270 268
f 229 268 230
f 231 267 271
f 231 271 272
f 231 272 232
f 232 272 233
f 233 272 273
f 233 273 274
f 233 274 236
f 234 275 235
f 234 265 276
f 234 276 275
f 235 275 277
f 235 277 269
f 236 274 237
f 237 278 279
f 237 279 238
f 237 274 278
f 238 279 280
f 238 280 239
f 239 280 240
f 240 280 281
f 240 281 282
f 240 282 241
f 241 282 283
f 241 283 284
f 241 284 242
f 242 284 285
f 242 285 286
f 242 286 244
f 242 244 243
f 244 286 287
f 244 287 288
f 244 288 245
f 245 288 289
f 245 289 246
f 246 289 290
f 246 290 291
f 246 291 247
f 247 291 292
f 247 292 293
f 247 293 248
f 248 293 249
f 249 293 294
f 249 294 295
f 249 295 250
f 250 295 296
f 250 296 252
f 251 297 255
f 252 296 301
f 252 301 297
f 253 298 299
f 253 299 254
f 255 297 301
f 255 301 300
f 256 299 340
f 256 340 302
f 256 302 257
f 257 302 303
f 257 303 304
f 257 304 258
f 258 304 259
f 259 304 305
f 259 305 306
f 259 306 260
f 260 306 261
f 261 306 307
f 261 307 308
f 261 308 266
f 262 266 263
f 263 266 309
f 263 309 264
f 264 310 265
f 264 309 311
f 264 311 310
f 265 310 276
f 266 308 309
f 267 312 271
f 267 268 313
f 267 313 312
f 268 270 313
f 269 314 315
f 269 315 270
f 269 277 316
f 269 316 314
f 270 315 313
f 271 312 317
f 271 317 272
f 272 318 319
f 272 319 273
f 272 317 318
f 273 319 274
f 274 320 321
f 274 321 278
f 274 319 320
f 275 276 277
f 276 310 322
f 276 322 277
f 277 322 316
f 278 321 323
f 278 323 279
f 279 323 324
f 279 324 280
f 280 324 281
f 281 325 282
f 281 324 325
f 282 326 327
f 282 327 283
f 282 325 326
f 283 327 328
f 283 328 285
f 283 285 284
f 285 328 329
f 285 329 286
f 286 329 287
f 287 329 330
f 287 330 331
f 287 331 288
f 288 331 290
f 288 290 289
f 290 331 332
f 290 332 291
f 291 332 333
f 291 333 334
f 291 334 292
f 292 334 293
f 293 334 335
f 293 335 336
f 293 336 294
f 294 336 337
f 294 337 295
f 295 337 338
f 295 338 296
f 296 338 342
f 296 342 301
f 298 339 340
f 298 340 299
f 300 301 342
f 300 342 341
f 302 340 343
f 302 343 344
f 302 344 303
f 303 344 345
f 303 345 346
f 303 346 304
f 304 346 347
f 304 347 305
f 305 347 306
f 306 347 348
f 306 348 349
f 306 349 307
f 307 349 308
f 308 349 350
f 308 350 351
f 308 351 352
f 308 352 309
f 309 352 353
f 309 353 311
f 310 354 322
f 310 311 355
f 310 355 356
f 310 356 354
f 311 353 355
f 312 357 317
f 312 313 357
f 313 358 357
f 313 315 359
f 313 359 358
f 314 360 315
f 314 316 360
f 315 360 359
f 316 361 360
f 316 322 362
f 316 362 363
f 316 363 361
f 317 357 364
f 317 364 365
f 317 365 318
f 318 365 319
f 319 365 366
f 319 366 367
f 319 367 320
f 320 367 321
f 321 368 323
f 321 367 369
f 321 369 368
f 322 354 370
f 322 370 362
f 323 368 324
f 324 368 371
f 324 371 372
f 324 372 325
f 325 372 373
f 325 373 326
f 326 373 327
f 327 373 374
f 327 374 375
f 327 375 376
f 327 376 328
f 328 376 377
f 328 377 378
f 328 378 329
f 329 378 379
f 329 379 380
f 329 380 330
f 330 380 381
f 330 381 331
f 331 381 382
f 331 382 332
f 332 382 383
f 332 383 384
f 332 384 385
f 332 385 333
f 333 385 334
f 334 385 386
f 334 386 387
f 334 387 335
f 335 387 336
f 336 387 388
f 336 388 337
f 337 388 389
f 337 389 390
f 337 390 338
f 338 391 342
f 338 390 391
f 339 392 393
f 339 393 343
f 339 343 340
f 341 342 391
f 341 391 395
f 341 395 394
f 343 393 344
f 344 393 396
f 344 396 397
f 344 397 398
f 344 398 345
f 345 398 346
f 346 398 399
f 346 399 347
f 347 399 400
f 347 400 401
f 347 401 348
f 348 401 349
f 349 401 402
f 349 402 403
f 349 403 350
f 350 403 404
f 350 404 351
f 351 405 353
f 351 353 352
f 351 404 405
f 353 405 406
f 353 406 407
f 353 407 355
f 354 356 370
f 355 407 408
f 355 408 356
f 356 409 370
f 356 408 410
f 356 410 409
f 357 411 364
f 357 358 411
f 358 359 412
f 358 412 413
f 358 413 411
f 359 360 412
f 360 414 412
f 360 361 415
f 360 415 414
f 361 363 416
f 361 416 415
f 362 370 363
f 363 370 417
f 363 417 418
f 363 418 416
f 364 411 419
f 364 419 365
f 365 420 421
f 365 421 366
f 365 419 420
f 366 421 367
f 367 422 423
f 367 423 369
f 367 421 422
f 368 369 424
f 368 424 371
f 369 423 424
f 370 409 425
f 370 425 417
f 371 424 426
f 371 426 427
f 371 427 372
f 372 427 373
f 373 427 428
f 373 428 429
f 373 429 374
f 374 429 430
f 374 430 375
f 375 430 431
f 375 431 432
f 375 432 377
f 375 377 376
f 377 432 433
f 377 433 434
f 377 434 379
f 377 379 378
f 379 434 435
f 379 435 436
f 379 436 380
f 380 436 437
f 380 437 381
f 381 437 438
f 381 438 439
f 381 439 383
f 381 383 382
f 383 440 384
f 383 439 440
f 384 440 441
f 384 441 385
f 385 441 442
f 385 442 443
f 385 443 386
f 386 443 387
f 387 443 444
f 387 444 445
f 387 445 388
f 388 445 446
f 388 446 389
f 389 446 390
f 390 446 447
f 390 447 448
f 390 448 395
f 390 395 391
f 392 449 396
f 392 396 393
f 394 395 448
f 394 448 450
f 396 451 397
f 396 449 451
f 397 451 506
f 397 506 452
f 397 452 453
f 397 453 398
f 398 453 454
f 398 454 399
f 399 454 455
f 399 455 400
f 400 455 456
f 400 456 401
f 401 456 402
f 402 456 457
f 402 457 403
f 403 457 458
f 403 458 404
f 404 459 405
f 404 458 460
f 404 460 461
f 404 461 459
f 405 459 462
f 405 462 406
f 406 463 408
f 406 408 407
f 406 462 463
f 408 463 410
f 409 410 425
f 410 463 464
f 410 464 465
f 410 465 466
f 410 466 425
f 411 467 419
f 411 413 468
f 411 468 467
f 412 414 469
f 412 469 468
f 412 468 413
f 414 470 469
f 414 415 471
f 414 471 470
f 415 416 471
f 416 418 472
f 416 472 473
f 416 473 471
f 417 425 418
f 418 425 474
f 418 474 472
f 419 467 475
f 419 475 476
f 419 476 420
f 420 476 477
f 420 477 421
f 421 477 422
f 422 478 423
f 422 477 478
f 423 478 479
f 423 479 480
f 423 480 424
f 424 480 481
f 424 481 426
f 425 466 474
f 426 481 427
f 427 482 428
f 427 481 482
f 428 483 484
f 428 484 429
f 428 482 483
f 429 484 430
f 430 485 486
f 430 486 431
f 430 484 485
f 431 486 487
f 431 487 433
f 431 433 432
f 433 487 488
f 433 488 435
f 433 435 434
f 435 488 489
f 435 489 490
f 435 490 491
f 435 491 436
f 436 491 438
f 436 438 437
f 438 491 492
f 438 492 439
f 439 492 493
f 439 493 440
f 440 493 494
f 440 494 495
f 440 495 496
f 440 496 441
f 441 496 497
f 441 497 442
f 442 497 498
f 442 498 443
f 443 498 444
f 444 498 499
f 444 499 445
f 445 499 500
f 445 500 501
f 445 501 446
f 446 501 503
f 446 503 447
f 447 502 448
f 447 503 565
f 447 565 502
f 448 502 450
f 449 504 451
f 450 502 505
f 451 504 506
f 452 506 569
f 452 569 507
f 452 507 508
f 452 508 453
f 453 508 509
f 453 509 454
f 454 509 510
f 454 510 455
f 455 510 456
f 456 510 511
f 456 511 457
f 457 511 512
f 457 512 513
f 457 513 458
f 458 513 460
f 459 461 462
f 460 513 514
f 460 514 461
f 461 515 462
f 461 514 516
f 461 516 517
f 461 517 515
f 462 515 518
f 462 518 519
f 462 519 463
f 463 519 520
f 463 520 464
f 464 520 465
f 465 520 521
f 465 521 522
f 465 522 523
f 465 523 524
f 465 524 466
f 466 524 474
f 467 525 526
f 467 526 475
f 467 468 525
f 468 469 527
f 468 527 528
f 468 528 525
f 469 470 527
f 470 529 527
f 470 471 530
f 470 530 529
f 471 473 530
f 472 531 473
f 472 474 532
f 472 532 531
f 473 531 533
f 473 533 530
f 474 524 534
f 474 534 532
f 475 526 476
f 476 535 536
f 476 536 477
f 476 526 535
f 477 536 478
f 478 537 538
f 478 538 479
f 478 536 537
f 479 538 480
f 480 539 481
f 480 538 539
f 481 539 540
f 481 540 541
f 481 541 482
f 482 541 483
f 483 542 543
f 483 543 484
f 483 541 542
f 484 543 485
f 485 544 545
f 485 545 486
f 485 543 544
f 486 545 546
f 486 546 487
f 487 546 547
f 487 547 548
f 487 548 488
f 488 548 489
f 489 549 550
f 489 550 551
f 489 551 552
f 489 552 490
f 489 548 549
f 490 552 491
f 491 552 553
f 491 553 492
f 492 553 554
f 492 554 555
f 492 555 494
f 492 494 493
f 494 555 556
f 494 556 557
f 494 557 558
f 494 558 495
f 495 558 559
f 495 559 496
f 496 559 497
f 497 559 560
f 497 560 561
f 497 561 498
f 498 561 562
f 498 562 499
f 499 562 500
f 500 562 563
f 500 563 501
f 501 563 564
f 501 564 566
f 501 566 503
f 502 565 505
f 503 566 628
f 503 628 565
f 504 567 506
f 505 565 568
f 506 567 569
f 507 569 631
f 507 631 570
f 507 570 571
f 507 571 508
f 508 571 509
f 509 571 572
f 509 572 573
f 509 573 510
f 510 573 511
f 511 573 574
f 511 574 575
f 511 575 512
f 512 575 513
f 513 575 576
f 513 576 577
f 513 577 514
f 514 577 516
f 515 517 518
f 516 577 578
f 516 578 517
f 517 578 579
f 517 579 580
f 517 580 518
f 518 580 581
f 518 581 519
f 519 581 520
f 520 581 521
f 521 581 582
f 521 582 522
f 522 583 523
f 522 582 584
f 522 584 585
f 522 585 583
f 523 583 586
f 523 586 534
f 523 534 524
f 525 587 588
f 525 588 526
f 525 528 589
f 525 589 587
f 526 588 590
f 526 590 535
f 527 529 591
f 527 591 528
f 528 591 589
f 529 592 591
f 529 530 592
f 530 593 592
f 530 533 594
f 530 594 593
f 531 532 595
f 531 595 596
f 531 596 597
f 531 597 594
f 531 594 533
f 532 534 598
f 532 598 595
f 534 586 598
f 535 590 536
f 536 590 599
f 536 599 600
f 536 600 537
f 537 600 538
f 538 600 601
f 538 601 539
f 539 602 603
f 539 603 540
f 539 601 602
f 540 603 604
f 540 604 541
f 541 604 542
f 542 604 605
f 542 605 543
f 543 605 606
f 543 606 607
f 543 607 544
f 544 607 545
f 545 608 609
f 545 609 546
f 545 607 610
f 545 610 608
f 546 609 611
f 546 611 547
f 547 612 549
f 547 549 548
f 547 611 612
f 549 612 613
f 549 613 550
f 550 613 614
f 550 614 615
f 550 615 616
f 550 616 551
f 551 616 617
f 551 617 552
f 552 617 553
f 553 617 554
f 554 617 618
f 554 618 556
f 554 556 555
f 556 619 620
f 556 620 557
f 556 618 619
f 557 620 621
f 557 621 558
f 558 621 559
f 559 621 622
f 559 622 623
f 559 623 560
f 560 623 561
f 561 623 624
f 561 624 625
f 561 625 562
f 562 625 563
f 563 625 626
f 563 626 627
f 563 627 564
f 564 627 566
f 565 628 568
f 566 627 629
f 566 629 633
f 566 633 628
f 567 630 631
f 567 631 569
f 568 628 633
f 568 633 632
f 570 631 704
f 570 704 634
f 570 634 635
f 570 635 571
f 571 635 636
f 571 636 637
f 571 637 572
f 572 637 573
f 573 637 638
f 573 638 639
f 573 639 574
f 574 639 575
f 575 639 640
f 575 640 641
f 575 641 576
f 576 641 577
f 577 641 642
f 577 642 643
f 577 643 578
f 578 643 644
f 578 644 579
f 579 644 645
f 579 645 646
f 579 646 580
f 580 647 581
f 580 646 647
f 581 647 648
f 581 648 582
f 582 648 649
f 582 649 584
f 583 650 586
f 583 585 650
f 584 649 585
f 585 649 651
f 585 651 652
f 585 652 653
f 585 653 650
f 586 650 654
f 586 654 598
f 587 655 656
f 587 656 588
f 587 589 657
f 587 657 655
f 588 656 658
f 588 658 590
f 589 591 657
f 590 658 659
f 590 659 599
f 591 592 660
f 591 660 661
f 591 661 657
f 592 593 660
f 593 662 660
f 593 594 662
f 594 597 663
f 594 663 662
f 595 598 596
f 596 664 597
f 596 598 665
f 596 665 666
f 596 666 664
f 597 667 663
f 597 664 667
f 598 654 668
f 598 668 665
f 599 659 600
f 600 669 601
f 600 659 669
f 601 669 670
f 601 670 602
f 602 671 672
f 602 672 603
f 602 670 671
f 603 672 604
f 604 673 674
f 604 674 605
f 604 672 673
f 605 674 606
f 606 674 675
f 606 675 607
f 607 675 676
f 607 676 610
f 608 610 677
f 608 677 678
f 608 678 679
f 608 679 611
f 608 611 609
f 610 676 680
f 610 680 677
f 611 679 681
f 611 681 682
f 611 682 612
f 612 683 613
f 612 682 683
f 613 683 614
f 614 684 685
f 614 685 686
f 614 686 687
f 614 687 615
f 614 683 684
f 615 687 616
f 616 687 688
f 616 688 617
f 617 688 689
f 617 689 618
f 618 689 690
f 618 690 619
f 619 691 692
f 619 692 620
f 619 690 691
f 620 692 693
f 620 693 621
f 621 693 694
f 621 694 695
f 621 695 622
f 622 695 623
f 623 695 696
f 623 696 697
f 623 697 624
f 624 697 625
f 625 697 698
f 625 698 699
f 625 699 626
f 626 699 627
f 627 699 700
f 627 700 701
f 627 701 629
f 629 701 702
f 629 702 707
f 629 707 633
f 630 703 631
f 631 703 705
f 631 705 704
f 632 633 706
f 633 707 708
f 633 708 706
f 634 704 794
f 634 794 800
f 634 800 710
f 634 710 709
f 634 709 635
f 635 709 710
f 635 710 711
f 635 711 712
f 635 712 713
f 635 713 714
f 635 714 715
f 635 715 716
f 635 716 636
f 636 716 717
f 636 717 718
f 636 718 637
f 637 718 719
f 637 719 638
f 638 719 720
f 638 720 639
f 639 720 721
f 639 721 640
f 640 722 641
f 640 721 722
f 641 722 723
f 641 723 642
f 642 723 724
f 642 724 643
f 643 724 725
f 643 725 644
f 644 725 645
f 645 726 727
f 645 727 728
f 645 728 729
f 645 729 646
f 645 725 726
f 646 729 647
f 647 729 648
f 648 729 730
f 648 730 649
f 649 730 731
f 649 731 651
f 650 732 654
f 650 653 732
f 651 731 733
f 651 733 734
f 651 734 652
f 652 735 736
f 652 736 737
f 652 737 653
f 652 734 735
f 653 737 732
f 654 732 668
f 655 738 739
f 655 739 656
f 655 657 738
f 656 739 658
f 657 740 738
f 657 661 741
f 657 741 740
f 658 742 743
f 658 743 659
f 658 739 742
f 659 743 669
f 660 744 741
f 660 741 661
f 660 662 745
f 660 745 744
f 662 663 745
f 663 746 745
f 663 667 746
f 664 747 667
f 664 666 748
f 664 748 747
f 665 668 749
f 665 749 666
f 666 749 748
f 667 747 750
f 667 750 746
f 668 732 749
f 669 751 752
f 669 752 670
f 669 743 751
f 670 752 671
f 671 753 672
f 671 752 753
f 672 753 754
f 672 754 755
f 672 755 673
f 673 755 674
f 674 756 757
f 674 757 675
f 674 755 756
f 675 757 676
f 676 757 758
f 676 758 680
f 677 680 759
f 677 759 760
f 677 760 678
f 678 760 761
f 678 761 679
f 679 761 681
f 680 762 759
f 680 758 762
f 681 761 763
f 681 763 682
f 682 763 683
f 683 763 684
f 684 763 764
f 684 764 685
f 685 764 765
f 685 765 766
f 685 766 767
f 685 767 686
f 686 767 768
f 686 768 769
f 686 769 687
f 687 769 770
f 687 770 688
f 688 770 771
f 688 771 689
f 689 771 690
f 690 771 691
f 691 771 772
f 691 772 773
f 691 773 774
f 691 774 775
f 691 775 692
f 692 775 693
f 693 776 694
f 693 775 776
f 694 776 777
f 694 777 695
f 695 777 778
f 695 778 696
f 696 778 779
f 696 779 697
f 697 779 780
f 697 780 698
f 698 780 781
f 698 781 699
f 699 781 782
f 699 782 783
f 699 783 700
f 700 783 784
f 700 784 701
f 701 784 785
f 701 785 786
f 701 786 787
f 701 787 788
f 701 788 789
f 701 789 790
f 701 790 791
f 701 791 702
f 702 791 790
f 702 790 804
f 702 804 803
f 702 803 707
f 703 792 793
f 703 793 705
f 704 705 794
f 705 793 795
f 705 795 796
f 705 796 797
f 705 797 798
f 705 798 799
f 705 799 800
f 705 800 794
f 706 708 802
f 706 802 801
f 707 803 708
f 708 803 804
f 708 804 805
f 708 805 806
f 708 806 807
f 708 807 808
f 708 808 809
f 708 809 802
f 710 800 799
f 710 799 711
f 711 799 798
f 711 798 797
f 711 797 713
f 711 713 712
f 713 797 796
f 713 796 714
f 714 796 795
f 714 795 715
f 715 795 877
f 715 877 810
f 715 810 716
f 716 810 811
f 716 811 793
f 716 793 875
f 716 875 812
f 716 812 813
f 716 813 814
f 716 814 815
f 716 815 816
f 716 816 717
f 717 816 817
f 717 817 718
f 718 817 719
f 719 817 818
f 719 818 720
f 720 818 819
f 720 819 721
f 721 820 722
f 721 819 820
f 722 821 723
f 722 820 821
f 723 821 822
f 723 822 724
f 724 822 823
f 724 823 725
f 725 824 825
f 725 825 726
f 725 823 824
f 726 825 727
f 727 826 827
f 727 827 828
f 727 828 829
f 727 829 728
f 727 825 826
f 728 829 729
f 729 829 730
f 730 829 731
f 731 829 830
f 731 830 831
f 731 831 733
f 732 737 832
f 732 832 833
f 732 833 749
f 733 831 734
f 734 834 735
f 734 831 835
f 734 835 834
f 735 836 837
f 735 837 736
f 735 834 836
f 736 837 838
f 736 838 832
f 736 832 737
f 738 740 741
f 738 741 744
f 738 744 745
f 738 745 746
f 738 746 750
f 738 750 747
f 738 747 748
f 738 748 839
f 738 839 840
f 738 840 911
f 738 911 912
f 738 912 917
f 738 917 916
f 738 916 915
f 738 915 988
f 738 988 1033
f 738 1033 1078
f 738 1078 1122
f 738 1122 1165
f 738 1165 1206
f 738 1206 1208
f 738 1208 1253
f 738 1253 1296
f 738 1296 1340
f 738 1340 1341
f 738 1341 1384
f 738 1384 1427
f 738 1427 1469
f 738 1469 1511
f 738 1511 1553
f 738 1553 1597
f 738 1597 1649
f 738 1649 1598
f 738 1598 1554
f 738 1554 1512
f 738 1512 1470
f 738 1470 1428
f 738 1428 1401
f 738 1401 1359
f 738 1359 1358
f 738 1358 1312
f 738 1312 1267
f 738 1267 1222
f 738 1222 1211
f 738 1211 1166
f 738 1166 1124
f 738 1124 1081
f 738 1081 1035
f 738 1035 991
f 738 991 923
f 738 923 922
f 738 922 920
f 738 920 919
f 738 919 918
f 738 918 842
f 738 842 841
f 738 841 760
f 738 760 759
f 738 759 762
f 738 762 758
f 738 758 757
f 738 757 756
f 738 756 755
f 738 755 754
f 738 754 753
f 738 753 752
f 738 752 751
f 738 751 743
f 738 743 742
f 738 742 739
f 748 749 839
f 749 833 840
f 749 840 839
f 760 841 761
f 761 841 842
f 761 842 843
f 761 843 763
f 763 843 844
f 763 844 764
f 764 844 765
f 765 845 846
f 765 846 766
f 765 844 845
f 766 846 847
f 766 847 848
f 766 848 767
f 767 848 849
f 767 849 850
f 767 850 768
f 768 850 769
f 769 850 851
f 769 851 852
f 769 852 770
f 770 852 771
f 771 852 772
f 772 852 773
f 773 853 774
f 773 852 854
f 773 854 855
f 773 855 856
f 773 856 853
f 774 853 775
f 775 853 857
f 775 857 858
f 775 858 776
f 776 858 859
f 776 859 777
f 777 860 778
f 777 859 860
f 778 861 779
f 778 860 861
f 779 862 780
f 779 861 862
f 780 862 863
f 780 863 781
f 781 863 864
f 781 864 782
f 782 864 865
f 782 865 783
f 783 865 784
f 784 865 866
f 784 866 867
f 784 867 868
f 784 868 869
f 784 869 802
f 784 802 881
f 784 881 870
f 784 870 871
f 784 871 785
f 785 871 880
f 785 880 809
f 785 809 808
f 785 808 786
f 786 808 807
f 786 807 787
f 787 807 806
f 787 806 805
f 787 805 789
f 787 789 788
f 789 805 804
f 789 804 790
f 792 872 793
f 793 873 874
f 793 874 875
f 793 811 876
f 793 876 877
f 793 877 795
f 793 872 878
f 793 878 873
f 801 802 879
f 802 809 880
f 802 880 881
f 802 869 882
f 802 882 883
f 802 883 884
f 802 884 885
f 802 885 879
f 810 877 811
f 811 877 876
f 812 875 874
f 812 874 813
f 813 874 873
f 813 873 814
f 814 886 815
f 814 873 952
f 814 952 886
f 815 886 887
f 815 887 888
f 815 888 889
f 815 889 890
f 815 890 891
f 815 891 892
f 815 892 893
f 815 893 894
f 815 894 816
f 816 894 817
f 817 894 895
f 817 895 896
f 817 896 818
f 818 896 819
f 819 896 897
f 819 897 898
f 819 898 820
f 820 898 821
f 821 898 899
f 821 899 900
f 821 900 822
f 822 900 823
f 823 900 901
f 823 901 824
f 824 901 902
f 824 902 825
f 825 902 903
f 825 903 904
f 825 904 826
f 826 904 827
f 827 904 905
f 827 905 906
f 827 906 907
f 827 907 908
f 827 908 828
f 828 908 829
f 829 908 830
f 830 908 909
f 830 909 831
f 831 909 910
f 831 910 835
f 832 911 840
f 832 840 833
f 832 838 912
f 832 912 911
f 834 835 910
f 834 910 913
f 834 913 914
f 834 914 836
f 836 915 916
f 836 916 917
f 836 917 837
f 836 914 915
f 837 917 838
f 838 917 912
f 842 918 844
f 842 844 843
f 844 918 919
f 844 919 845
f 845 919 920
f 845 920 846
f 846 920 847
f 847 921 848
f 847 920 922
f 847 922 923
f 847 923 921
f 848 924 925
f 848 925 849
f 848 921 924
f 849 925 850
f 850 925 926
f 850 926 851
f 851 927 852
f 851 926 927
f 852 927 854
f 853 856 928
f 853 928 929
f 853 929 930
f 853 930 857
f 854 927 855
f 855 927 931
f 855 931 932
f 855 932 933
f 855 933 928
f 855 928 856
f 857 930 934
f 857 934 858
f 858 934 935
f 858 935 859
f 859 935 860
f 860 935 936
f 860 936 937
f 860 937 861
f 861 937 862
f 862 937 938
f 862 938 939
f 862 939 863
f 863 939 864
f 864 939 940
f 864 940 941
f 864 941 865
f 865 941 866
f 866 942 943
f 866 943 944
f 866 944 945
f 866 945 946
f 866 946 947
f 866 947 867
f 866 941 948
f 866 948 949
f 866 949 942
f 867 884 883
f 867 883 868
f 867 947 961
f 867 961 884
f 868 883 869
f 869 883 882
f 870 881 880
f 870 880 871
f 872 950 951
f 872 951 878
f 873 878 952
f 878 953 954
f 878 954 955
f 878 955 956
f 878 956 957
f 878 957 958
f 878 958 952
f 878 951 953
f 879 885 960
f 879 960 959
f 884 961 885
f 885 961 962
f 885 962 963
f 885 963 964
f 885 964 965
f 885 965 966
f 885 966 967
f 885 967 960
f 886 952 958
f 886 958 887
f 887 958 957
f 887 957 956
f 887 956 889
f 887 889 888
f 889 956 955
f 889 955 890
f 890 955 954
f 890 954 953
f 890 953 892
f 890 892 891
f 892 953 951
f 892 951 893
f 893 951 1011
f 893 1011 968
f 893 968 894
f 894 968 969
f 894 969 970
f 894 970 895
f 895 970 896
f 896 970 971
f 896 971 972
f 896 972 897
f 897 972 898
f 898 972 973
f 898 973 974
f 898 974 899
f 899 974 900
f 900 974 975
f 900 975 976
f 900 976 901
f 901 976 977
f 901 977 902
f 902 977 978
f 902 978 903
f 903 978 979
f 903 979 904
f 904 979 980
f 904 980 905
f 905 980 981
f 905 981 906
f 906 982 907
f 906 981 983
f 906 983 984
f 906 984 982
f 907 982 909
f 907 909 908
f 909 982 910
f 910 982 985
f 910 985 986
f 910 986 913
f 913 986 914
f 914 986 987
f 914 987 915
f 915 987 988
f 921 923 989
f 921 989 990
f 921 990 924
f 923 991 989
f 924 990 925
f 925 992 926
f 925 990 993
f 925 993 992
f 926 992 931
f 926 931 927
f 928 933 994
f 928 994 995
f 928 995 929
f 929 995 996
f 929 996 930
f 930 996 997
f 930 997 934
f 931 992 932
f 932 992 998
f 932 998 999
f 932 999 1000
f 932 1000 933
f 933 1000 994
f 934 997 1001
f 934 1001 935
f 935 1001 1002
f 935 1002 1003
f 935 1003 936
f 936 1003 937
f 937 1003 1004
f 937 1004 1005
f 937 1005 938
f 938 1005 939
f 939 1005 1006
f 939 1006 1007
f 939 1007 940
f 940 1007 941
f 941 1007 1008
f 941 1008 1009
f 941 1009 948
f 942 949 967
f 942 967 966
f 942 966 965
f 942 965 943
f 943 965 964
f 943 964 944
f 944 964 963
f 944 963 962
f 944 962 946
f 944 946 945
f 946 962 961
f 946 961 947
f 948 1009 1013
f 948 1013 960
f 948 960 967
f 948 967 949
f 950 1010 951
f 951 1010 1011
f 959 960 1012
f 960 1013 1012
f 968 1014 1015
f 968 1015 969
f 968 1011 1055
f 968 1055 1014
f 969 1015 970
f 970 1015 1016
f 970 1016 971
f 971 1016 1017
f 971 1017 1018
f 971 1018 972
f 972 1018 1019
f 972 1019 973
f 973 1019 974
f 974 1019 1020
f 974 1020 1021
f 974 1021 975
f 975 1021 1022
f 975 1022 976
f 976 1022 977
f 977 1022 1023
f 977 1023 1024
f 977 1024 978
f 978 1024 1025
f 978 1025 979
f 979 1025 980
f 980 1025 1026
f 980 1026 981
f 981 1026 1027
f 981 1027 1028
f 981 1028 983
f 982 984 1029
f 982 1029 985
f 983 1029 984
f 983 1028 1030
f 983 1030 1029
f 985 1029 986
f 986 1029 1031
f 986 1031 987
f 987 1031 1032
f 987 1032 1033
f 987 1033 988
f 989 1034 990
f 989 991 1035
f 989 1035 1036
f 989 1036 1034
f 990 1037 993
f 990 1034 1037
f 992 993 1037
f 992 1037 998
f 994 1000 1038
f 994 1038 1039
f 994 1039 995
f 995 1039 996
f 996 1039 1040
f 996 1040 997
f 997 1040 1041
f 997 1041 1042
f 997 1042 1001
f 998 1037 999
f 999 1037 1043
f 999 1043 1044
f 999 1044 1000
f 1000 1044 1045
f 1000 1045 1038
f 1001 1042 1002
f 1002 1042 1046
f 1002 1046 1003
f 1003 1046 1047
f 1003 1047 1048
f 1003 1048 1004
f 1004 1048 1005
f 1005 1048 1049
f 1005 1049 1006
f 1006 1049 1050
f 1006 1050 1051
f 1006 1051 1007
f 1007 1051 1052
f 1007 1052 1008
f 1008 1052 1053
f 1008 1053 1009
f 1009 1053 1057
f 1009 1057 1013
f 1010 1054 1055
f 1010 1055 1011
f 1012 1013 1057
f 1012 1057 1056
f 1014 1058 1059
f 1014 1059 1015
f 1014 1055 1101
f 1014 1101 1058
f 1015 1059 1060
f 1015 1060 1016
f 1016 1060 1017
f 1017 1060 1061
f 1017 1061 1018
f 1018 1061 1062
f 1018 1062 1063
f 1018 1063 1019
f 1019 1063 1064
f 1019 1064 1020
f 1020 1064 1065
f 1020 1065 1021
f 1021 1065 1022
f 1022 1065 1066
f 1022 1066 1067
f 1022 1067 1023
f 1023 1067 1024
f 1024 1067 1068
f 1024 1068 1025
f 1025 1068 1069
f 1025 1069 1070
f 1025 1070 1026
f 1026 1070 1071
f 1026 1071 1027
f 1027 1071 1028
f 1028 1072 1030
f 1028 1071 1073
f 1028 1073 1074
f 1028 1074 1072
f 1029 1030 1031
f 1030 1072 1075
f 1030 1075 1076
f 1030 1076 1031
f 1031 1076 1032
f 1032 1076 1077
f 1032 1077 1033
f 1033 1077 1078
f 1034 1036 1079
f 1034 1079 1043
f 1034 1043 1037
f 1035 1080 1036
f 1035 1081 1080
f 1036 1080 1079
f 1038 1045 1082
f 1038 1082 1083
f 1038 1083 1039
f 1039 1083 1084
f 1039 1084 1085
f 1039 1085 1040
f 1040 1085 1086
f 1040 1086 1041
f 1041 1086 1042
f 1042 1086 1087
f 1042 1087 1088
f 1042 1088 1046
f 1043 1079 1089
f 1043 1089 1090
f 1043 1090 1044
f 1044 1090 1091
f 1044 1091 1092
f 1044 1092 1082
f 1044 1082 1045
f 1046 1088 1047
f 1047 1088 1093
f 1047 1093 1048
f 1048 1093 1094
f 1048 1094 1049
f 1049 1094 1095
f 1049 1095 1096
f 1049 1096 1050
f 1050 1096 1097
f 1050 1097 1051
f 1051 1097 1098
f 1051 1098 1052
f 1052 1098 1099
f 1052 1099 1053
f 1053 1099 1103
f 1053 1103 1057
f 1054 1100 1101
f 1054 1101 1055
f 1056 1057 1103
f 1056 1103 1102
f 1058 1101 1143
f 1058 1143 1104
f 1058 1104 1059
f 1059 1104 1105
f 1059 1105 1106
f 1059 1106 1060
f 1060 1106 1107
f 1060 1107 1061
f 1061 1107 1062
f 1062 1107 1108
f 1062 1108 1109
f 1062 1109 1063
f 1063 1109 1064
f 1064 1109 1110
f 1064 1110 1065
f 1065 1110 1111
f 1065 1111 1112
f 1065 1112 1066
f 1066 1112 1067
f 1067 1112 1113
f 1067 1113 1114
f 1067 1114 1068
f 1068 1114 1069
f 1069 1114 1115
f 1069 1115 1116
f 1069 1116 1070
f 1070 1116 1071
f 1071 1116 1117
f 1071 1117 1073
f 1072 1074 1118
f 1072 1118 1075
f 1073 1117 1119
f 1073 1119 1074
f 1074 1119 1120
f 1074 1120 1118
f 1075 1118 1121
f 1075 1121 1076
f 1076 1121 1077
f 1077 1121 1078
f 1078 1121 1122
f 1079 1080 1123
f 1079 1123 1089
f 1080 1081 1123
f 1081 1124 1123
f 1082 1092 1125
f 1082 1125 1126
f 1082 1126 1083
f 1083 1126 1084
f 1084 1126 1127
f 1084 1127 1128
f 1084 1128 1085
f 1085 1128 1086
f 1086 1128 1129
f 1086 1129 1130
f 1086 1130 1087
f 1087 1130 1088
f 1088 1130 1131
f 1088 1131 1132
f 1088 1132 1093
f 1089 1123 1133
f 1089 1133 1090
f 1090 1133 1091
f 1091 1133 1134
f 1091 1134 1135
f 1091 1135 1092
f 1092 1135 1125
f 1093 1132 1136
f 1093 1136 1094
f 1094 1136 1095
f 1095 1136 1137
f 1095 1137 1138
f 1095 1138 1096
f 1096 1138 1097
f 1097 1138 1139
f 1097 1139 1098
f 1098 1139 1140
f 1098 1140 1141
f 1098 1141 1099
f 1099 1141 1144
f 1099 1144 1103
f 1100 1142 1143
f 1100 1143 1101
f 1102 1103 1144
f 1102 1144 1145
f 1104 1146 1147
f 1104 1147 1105
f 1104 1143 1187
f 1104 1187 1146
f 1105 1147 1106
f 1106 1147 1148
f 1106 1148 1107
f 1107 1148 1149
f 1107 1149 1150
f 1107 1150 1108
f 1108 1150 1109
f 1109 1150 1151
f 1109 1151 1152
f 1109 1152 1110
f 1110 1152 1111
f 1111 1152 1153
f 1111 1153 1154
f 1111 1154 1112
f 1112 1154 1113
f 1113 1154 1155
f 1113 1155 1156
f 1113 1156 1114
f 1114 1156 1157
f 1114 1157 1115
f 1115 1157 1116
f 1116 1157 1158
f 1116 1158 1159
f 1116 1159 1117
f 1117 1159 1160
f 1117 1160 1119
f 1118 1120 1161
f 1118 1161 1162
f 1118 1162 1163
f 1118 1163 1121
f 1119 1160 1164
f 1119 1164 1120
f 1120 1164 1161
f 1121 1163 1165
f 1121 1165 1122
f 1123 1124 1166
f 1123 1166 1167
f 1123 1167 1133
f 1125 1135 1168
f 1125 1168 1169
f 1125 1169 1126
f 1126 1169 1170
f 1126 1170 1171
f 1126 1171 1127
f 1127 1171 1128
f 1128 1171 1172
f 1128 1172 1129
f 1129 1172 1173
f 1129 1173 1174
f 1129 1174 1130
f 1130 1174 1131
f 1131 1174 1175
f 1131 1175 1176
f 1131 1176 1132
f 1132 1176 1136
f 1133 1167 1177
f 1133 1177 1178
f 1133 1178 1134
f 1134 1178 1179
f 1134 1179 1135
f 1135 1179 1168
f 1136 1176 1180
f 1136 1180 1181
f 1136 1181 1137
f 1137 1181 1138
f 1138 1181 1182
f 1138 1182 1183
f 1138 1183 1139
f 1139 1183 1184
f 1139 1184 1140
f 1140 1184 1141
f 1141 1184 1185
f 1141 1185 1188
f 1141 1188 1144
f 1142 1186 1143
f 1143 1186 1187
f 1144 1188 1189
f 1144 1189 1145
f 1146 1187 1233
f 1146 1233 1190
f 1146 1190 1191
f 1146 1191 1147
f 1147 1191 1192
f 1147 1192 1148
f 1148 1192 1193
f 1148 1193 1149
f 1149 1193 1150
f 1150 1193 1194
f 1150 1194 1195
f 1150 1195 1151
f 1151 1195 1152
f 1152 1195 1196
f 1152 1196 1197
f 1152 1197 1153
f 1153 1197 1154
f 1154 1197 1198
f 1154 1198 1199
f 1154 1199 1155
f 1155 1199 1156
f 1156 1199 1200
f 1156 1200 1157
f 1157 1200 1201
f 1157 1201 1202
f 1157 1202 1158
f 1158 1202 1203
f 1158 1203 1159
f 1159 1203 1160
f 1160 1203 1204
f 1160 1204 1164
f 1161 1164 1205
f 1161 1205 1162
f 1162 1206 1165
f 1162 1165 1163
f 1162 1205 1207
f 1162 1207 1208
f 1162 1208 1206
f 1164 1204 1209
f 1164 1209 1210
f 1164 1210 1205
f 1166 1211 1177
f 1166 1177 1167
f 1168 1179 1212
f 1168 1212 1213
f 1168 1213 1169
f 1169 1213 1170
f 1170 1213 1214
f 1170 1214 1171
f 1171 1214 1215
f 1171 1215 1216
f 1171 1216 1172
f 1172 1216 1217
f 1172 1217 1173
f 1173 1217 1174
f 1174 1217 1218
f 1174 1218 1219
f 1174 1219 1175
f 1175 1219 1176
f 1176 1219 1220
f 1176 1220 1221
f 1176 1221 1180
f 1177 1211 1222
f 1177 1222 1223
f 1177 1223 1224
f 1177 1224 1178
f 1178 1224 1179
f 1179 1224 1225
f 1179 1225 1226
f 1179 1226 1212
f 1180 1221 1181
f 1181 1221 1227
f 1181 1227 1228
f 1181 1228 1182
f 1182 1228 1183
f 1183 1228 1229
f 1183 1229 1230
f 1183 1230 1184
f 1184 1230 1185
f 1185 1230 1231
f 1185 1231 1234
f 1185 1234 1188
f 1186 1232 1187
f 1187 1232 1233
f 1188 1234 1235
f 1188 1235 1189
f 1190 1236 1237
f 1190 1237 1191
f 1190 1233 1275
f 1190 1275 1236
f 1191 1237 1238
f 1191 1238 1192
f 1192 1238 1193
f 1193 1238 1239
f 1193 1239 1240
f 1193 1240 1194
f 1194 1240 1195
f 1195 1240 1241
f 1195 1241 1196
f 1196 1241 1242
f 1196 1242 1243
f 1196 1243 1197
f 1197 1243 1244
f 1197 1244 1198
f 1198 1244 1245
f 1198 1245 1199
f 1199 1245 1200
f 1200 1245 1246
f 1200 1246 1247
f 1200 1247 1201
f 1201 1247 1202
f 1202 1247 1248
f 1202 1248 1249
f 1202 1249 1203
f 1203 1249 1250
f 1203 1250 1204
f 1204 1250 1251
f 1204 1251 1209
f 1205 1210 1207
f 1207 1210 1252
f 1207 1252 1208
f 1208 1252 1253
f 1209 1251 1210
f 1210 1251 1254
f 1210 1254 1252
f 1212 1226 1255
f 1212 1255 1256
f 1212 1256 1213
f 1213 1256 1257
f 1213 1257 1214
f 1214 1257 1258
f 1214 1258 1259
f 1214 1259 1215
f 1215 1259 1216
f 1216 1259 1260
f 1216 1260 1261
f 1216 1261 1217
f 1217 1261 1218
f 1218 1261 1262
f 1218 1262 1219
f 1219 1262 1263
f 1219 1263 1220
f 1220 1263 1264
f 1220 1264 1265
f 1220 1265 1221
f 1221 1265 1266
f 1221 1266 1227
f 1222 1267 1268
f 1222 1268 1223
f 1223 1268 1225
f 1223 1225 1224
f 1225 1268 1269
f 1225 1269 1255
f 1225 1255 1226
f 1227 1266 1228
f 1228 1266 1270
f 1228 1270 1271
f 1228 1271 1229
f 1229 1271 1230
f 1230 1271 1272
f 1230 1272 1231
f 1231 1272 1273
f 1231 1273 1276
f 1231 1276 1234
f 1232 1274 1233
f 1233 1274 1275
f 1234 1276 1277
f 1234 1277 1235
f 1236 1275 1319
f 1236 1319 1278
f 1236 1278 1237
f 1237 1278 1279
f 1237 1279 1238
f 1238 1279 1280
f 1238 1280 1281
f 1238 1281 1239
f 1239 1281 1240
f 1240 1281 1282
f 1240 1282 1283
f 1240 1283 1241
f 1241 1283 1284
f 1241 1284 1242
f 1242 1284 1243
f 1243 1284 1285
f 1243 1285 1244
f 1244 1285 1286
f 1244 1286 1245
f 1245 1286 1287
f 1245 1287 1288
f 1245 1288 1246
f 1246 1288 1247
f 1247 1288 1289
f 1247 1289 1290
f 1247 1290 1248
f 1248 1290 1249
f 1249 1290 1291
f 1249 1291 1250
f 1250 1291 1292
f 1250 1292 1251
f 1251 1292 1293
f 1251 1293 1294
f 1251 1294 1254
f 1252 1254 1295
f 1252 1295 1253
f 1253 1295 1296
f 1254 1294 1297
f 1254 1297 1295
f 1255 1269 1298
f 1255 1298 1299
f 1255 1299 1300
f 1255 1300 1256
f 1256 1300 1301
f 1256 1301 1257
f 1257 1301 1302
f 1257 1302 1258
f 1258 1302 1259
f 1259 1302 1303
f 1259 1303 1304
f 1259 1304 1260
f 1260 1304 1261
f 1261 1304 1305
f 1261 1305 1306
f 1261 1306 1262
f 1262 1306 1307
f 1262 1307 1263
f 1263 1307 1308
f 1263 1308 1264
f 1264 1308 1265
f 1265 1308 1309
f 1265 1309 1266
f 1266 1309 1310
f 1266 1310 1311
f 1266 1311 1270
f 1267 1312 1313
f 1267 1313 1268
f 1268 1313 1269
f 1269 1313 1314
f 1269 1314 1298
f 1270 1311 1271
f 1271 1311 1315
f 1271 1315 1316
f 1271 1316 1272
f 1272 1316 1317
f 1272 1317 1273
f 1273 1317 1320
f 1273 1320 1276
f 1274 1318 1319
f 1274 1319 1275
f 1276 1320 1277
f 1277 1320 1321
f 1278 1319 1363
f 1278 1363 1322
f 1278 1322 1279
f 1279 1322 1323
f 1279 1323 1324
f 1279 1324 1280
f 1280 1324 1281
f 1281 1324 1325
f 1281 1325 1326
f 1281 1326 1282
f 1282 1326 1283
f 1283 1326 1327
f 1283 1327 1328
f 1283 1328 1284
f 1284 1328 1285
f 1285 1328 1329
f 1285 1329 1330
f 1285 1330 1286
f 1286 1330 1287
f 1287 1330 1331
f 1287 1331 1332
f 1287 1332 1288
f 1288 1332 1333
f 1288 1333 1289
f 1289 1333 1290
f 1290 1333 1334
f 1290 1334 1291
f 1291 1334 1335
f 1291 1335 1336
f 1291 1336 1292
f 1292 1336 1337
f 1292 1337 1293
f 1293 1337 1294
f 1294 1337 1338
f 1294 1338 1339
f 1294 1339 1297
f 1295 1297 1340
f 1295 1340 1296
f 1297 1339 1341
f 1297 1341 1340
f 1298 1314 1342
f 1298 1342 1343
f 1298 1343 1344
f 1298 1344 1299
f 1299 1344 1300
f 1300 1344 1345
f 1300 1345 1301
f 1301 1345 1346
f 1301 1346 1347
f 1301 1347 1302
f 1302 1347 1348
f 1302 1348 1303
f 1303 1348 1304
f 1304 1348 1349
f 1304 1349 1305
f 1305 1349 1350
f 1305 1350 1351
f 1305 1351 1306
f 1306 1351 1307
f 1307 1351 1352
f 1307 1352 1353
f 1307 1353 1308
f 1308 1353 1309
f 1309 1353 1354
f 1309 1354 1355
f 1309 1355 1310
f 1310 1355 1311
f 1311 1355 1356
f 1311 1356 1357
f 1311 1357 1315
f 1312 1358 1313
f 1313 1358 1314
f 1314 1358 1359
f 1314 1359 1342
f 1315 1357 1360
f 1315 1360 1316
f 1316 1360 1361
f 1316 1361 1317
f 1317 1361 1364
f 1317 1364 1320
f 1318 1362 1363
f 1318 1363 1319
f 1320 1364 1321
f 1321 1364 1365
f 1322 1363 1406
f 1322 1406 1366
f 1322 1366 1323
f 1323 1366 1367
f 1323 1367 1368
f 1323 1368 1324
f 1324 1368 1369
f 1324 1369 1325
f 1325 1369 1326
f 1326 1369 1370
f 1326 1370 1371
f 1326 1371 1327
f 1327 1371 1328
f 1328 1371 1372
f 1328 1372 1373
f 1328 1373 1329
f 1329 1373 1330
f 1330 1373 1374
f 1330 1374 1375
f 1330 1375 1331
f 1331 1375 1332
f 1332 1375 1376
f 1332 1376 1333
f 1333 1376 1377
f 1333 1377 1378
f 1333 1378 1334
f 1334 1378 1335
f 1335 1378 1379
f 1335 1379 1336
f 1336 1379 1380
f 1336 1380 1337
f 1337 1380 1381
f 1337 1381 1382
f 1337 1382 1338
f 1338 1382 1383
f 1338 1383 1339
f 1339 1383 1341
f 1341 1383 1384
f 1342 1359 1385
f 1342 1385 1343
f 1343 1385 1386
f 1343 1386 1344
f 1344 1386 1387
f 1344 1387 1388
f 1344 1388 1345
f 1345 1388 1389
f 1345 1389 1346
f 1346 1389 1390
f 1346 1390 1347
f 1347 1390 1348
f 1348 1390 1391
f 1348 1391 1392
f 1348 1392 1349
f 1349 1392 1393
f 1349 1393 1350
f 1350 1393 1351
f 1351 1393 1394
f 1351 1394 1395
f 1351 1395 1352
f 1352 1395 1353
f 1353 1395 1396
f 1353 1396 1397
f 1353 1397 1354
f 1354 1397 1355
f 1355 1397 1398
f 1355 1398 1399
f 1355 1399 1356
f 1356 1399 1357
f 1357 1399 1400
f 1357 1400 1360
f 1359 1401 1385
f 1360 1400 1402
f 1360 1402 1403
f 1360 1403 1361
f 1361 1403 1404
f 1361 1404 1364
f 1362 1405 1406
f 1362 1406 1363
f 1364 1404 1365
f 1365 1404 1408
f 1365 1408 1407
f 1366 1406 1449
f 1366 1449 1409
f 1366 1409 1410
f 1366 1410 1367
f 1367 1410 1368
f 1368 1410 1411
f 1368 1411 1369
f 1369 1411 1412
f 1369 1412 1413
f 1369 1413 1370
f 1370 1413 1371
f 1371 1413 1414
f 1371 1414 1415
f 1371 1415 1372
f 1372 1415 1416
f 1372 1416 1373
f 1373 1416 1374
f 1374 1416 1417
f 1374 1417 1418
f 1374 1418 1375
f 1375 1418 1376
f 1376 1418 1419
f 1376 1419 1420
f 1376 1420 1377
f 1377 1420 1378
f 1378 1420 1421
f 1378 1421 1422
f 1378 1422 1379
f 1379 1422 1423
f 1379 1423 1380
f 1380 1423 1424
f 1380 1424 1381
f 1381 1424 1425
f 1381 1425 1382
f 1382 1425 1383
f 1383 1425 1426
f 1383 1426 1427
f 1383 1427 1384
f 1385 1401 1428
f 1385 1428 1429
f 1385 1429 1430
f 1385 1430 1386
f 1386 1430 1387
f 1387 1430 1431
f 1387 1431 1388
f 1388 1431 1432
f 1388 1432 1389
f 1389 1432 1433
f 1389 1433 1390
f 1390 1433 1434
f 1390 1434 1435
f 1390 1435 1391
f 1391 1435 1392
f 1392 1435 1436
f 1392 1436 1437
f 1392 1437 1393
f 1393 1437 1394
f 1394 1437 1438
f 1394 1438 1439
f 1394 1439 1395
f 1395 1439 1396
f 1396 1439 1440
f 1396 1440 1397
f 1397 1440 1441
f 1397 1441 1442
f 1397 1442 1398
f 1398 1442 1399
f 1399 1442 1443
f 1399 1443 1444
f 1399 1444 1400
f 1400 1444 1445
f 1400 1445 1402
f 1402 1445 1403
f 1403 1445 1446
f 1403 1446 1447
f 1403 1447 1408
f 1403 1408 1404
f 1405 1448 1406
f 1406 1448 1449
f 1407 1408 1447
f 1407 1447 1450
f 1409 1449 1491
f 1409 1491 1451
f 1409 1451 1452
f 1409 1452 1410
f 1410 1452 1453
f 1410 1453 1411
f 1411 1453 1454
f 1411 1454 1412
f 1412 1454 1455
f 1412 1455 1413
f 1413 1455 1414
f 1414 1455 1456
f 1414 1456 1415
f 1415 1456 1457
f 1415 1457 1416
f 1416 1457 1458
f 1416 1458 1459
f 1416 1459 1417
f 1417 1459 1418
f 1418 1459 1460
f 1418 1460 1461
f 1418 1461 1419
f 1419 1461 1462
f 1419 1462 1420
f 1420 1462 1421
f 1421 1462 1463
f 1421 1463 1422
f 1422 1463 1464
f 1422 1464 1465
f 1422 1465 1423
f 1423 1465 1424
f 1424 1465 1466
f 1424 1466 1425
f 1425 1466 1467
f 1425 1467 1468
f 1425 1468 1426
f 1426 1468 1427
f 1427 1468 1469
f 1428 1470 1471
f 1428 1471 1429
f 1429 1471 1430
f 1430 1471 1472
f 1430 1472 1473
f 1430 1473 1431
f 1431 1473 1474
f 1431 1474 1432
f 1432 1474 1433
f 1433 1474 1475
f 1433 1475 1476
f 1433 1476 1434
f 1434 1476 1477
f 1434 1477 1435
f 1435 1477 1436
f 1436 1477 1478
f 1436 1478 1437
f 1437 1478 1479
f 1437 1479 1480
f 1437 1480 1438
f 1438 1480 1439
f 1439 1480 1481
f 1439 1481 1482
f 1439 1482 1440
f 1440 1482 1483
f 1440 1483 1441
f 1441 1483 1484
f 1441 1484 1442
f 1442 1484 1443
f 1443 1484 1485
f 1443 1485 1444
f 1444 1485 1486
f 1444 1486 1487
f 1444 1487 1445
f 1445 1487 1488
f 1445 1488 1446
f 1446 1488 1530
f 1446 1530 1489
f 1446 1489 1447
f 1447 1489 1450
f 1448 1490 1449
f 1449 1490 1491
f 1450 1489 1492
f 1451 1491 1533
f 1451 1533 1493
f 1451 1493 1494
f 1451 1494 1452
f 1452 1494 1495
f 1452 1495 1453
f 1453 1495 1496
f 1453 1496 1454
f 1454 1496 1455
f 1455 1496 1497
f 1455 1497 1456
f 1456 1497 1498
f 1456 1498 1499
f 1456 1499 1457
f 1457 1499 1458
f 1458 1499 1500
f 1458 1500 1459
f 1459 1500 1501
f 1459 1501 1502
f 1459 1502 1460
f 1460 1502 1461
f 1461 1502 1503
f 1461 1503 1462
f 1462 1503 1504
f 1462 1504 1505
f 1462 1505 1463
f 1463 1505 1506
f 1463 1506 1464
f 1464 1506 1465
f 1465 1506 1507
f 1465 1507 1508
f 1465 1508 1466
f 1466 1508 1467
f 1467 1508 1509
f 1467 1509 1468
f 1468 1509 1510
f 1468 1510 1511
f 1468 1511 1469
f 1470 1512 1471
f 1471 1512 1513
f 1471 1513 1514
f 1471 1514 1472
f 1472 1514 1515
f 1472 1515 1473
f 1473 1515 1474
f 1474 1515 1516
f 1474 1516 1517
f 1474 1517 1475
f 1475 1517 1476
f 1476 1517 1518
f 1476 1518 1477
f 1477 1518 1519
f 1477 1519 1520
f 1477 1520 1478
f 1478 1520 1521
f 1478 1521 1479
f 1479 1521 1480
f 1480 1521 1522
f 1480 1522 1523
f 1480 1523 1481
f 1481 1523 1524
f 1481 1524 1482
f 1482 1524 1483
f 1483 1524 1525
f 1483 1525 1526
f 1483 1526 1484
f 1484 1526 1527
f 1484 1527 1485
f 1485 1527 1486
f 1486 1527 1528
f 1486 1528 1487
f 1487 1528 1529
f 1487 1529 1531
f 1487 1531 1488
f 1488 1531 1572
f 1488 1572 1530
f 1489 1530 1492
f 1490 1532 1491
f 1491 1532 1533
f 1492 1530 1534
f 1493 1533 1574
f 1493 1574 1535
f 1493 1535 1536
f 1493 1536 1494
f 1494 1536 1495
f 1495 1536 1537
f 1495 1537 1538
f 1495 1538 1496
f 1496 1538 1497
f 1497 1538 1539
f 1497 1539 1540
f 1497 1540 1498
f 1498 1540 1499
f 1499 1540 1541
f 1499 1541 1542
f 1499 1542 1500
f 1500 1542 1501
f 1501 1542 1543
f 1501 1543 1502
f 1502 1543 1544
f 1502 1544 1503
f 1503 1544 1545
f 1503 1545 1504
f 1504 1545 1546
f 1504 1546 1505
f 1505 1546 1547
f 1505 1547 1506
f 1506 1547 1548
f 1506 1548 1507
f 1507 1548 1549
f 1507 1549 1550
f 1507 1550 1508
f 1508 1550 1551
f 1508 1551 1509
f 1509 1551 1552
f 1509 1552 1510
f 1510 1552 1553
f 1510 1553 1511
f 1512 1554 1513
f 1513 1554 1555
f 1513 1555 1514
f 1514 1555 1556
f 1514 1556 1515
f 1515 1556 1557
f 1515 1557 1516
f 1516 1557 1558
f 1516 1558 1559
f 1516 1559 1517
f 1517 1559 1560
f 1517 1560 1518
f 1518 1560 1561
f 1518 1561 1519
f 1519 1561 1562
f 1519 1562 1520
f 1520 1562 1563
f 1520 1563 1521
f 1521 1563 1564
f 1521 1564 1522
f 1522 1564 1565
f 1522 1565 1523
f 1523 1565 1524
f 1524 1565 1566
f 1524 1566 1567
f 1524 1567 1525
f 1525 1567 1526
f 1526 1567 1568
f 1526 1568 1569
f 1526 1569 1527
f 1527 1569 1528
f 1528 1569 1570
f 1528 1570 1571
f 1528 1571 1529
f 1529 1571 1531
f 1530 1572 1534
f 1531 1571 1573
f 1531 1573 1577
f 1531 1577 1572
f 1532 1574 1533
f 1532 1575 1574
f 1534 1572 1577
f 1534 1577 1576
f 1535 1574 1620
f 1535 1620 1578
f 1535 1578 1579
f 1535 1579 1536
f 1536 1579 1580
f 1536 1580 1581
f 1536 1581 1537
f 1537 1581 1538
f 1538 1581 1582
f 1538 1582 1583
f 1538 1583 1539
f 1539 1583 1540
f 1540 1583 1584
f 1540 1584 1585
f 1540 1585 1541
f 1541 1585 1542
f 1542 1585 1586
f 1542 1586 1587
f 1542 1587 1543
f 1543 1587 1588
f 1543 1588 1544
f 1544 1588 1589
f 1544 1589 1545
f 1545 1589 1546
f 1546 1589 1590
f 1546 1590 1591
f 1546 1591 1547
f 1547 1591 1548
f 1548 1591 1592
f 1548 1592 1593
f 1548 1593 1549
f 1549 1593 1550
f 1550 1593 1594
f 1550 1594 1595
f 1550 1595 1551
f 1551 1595 1596
f 1551 1596 1552
f 1552 1596 1553
f 1553 1596 1597
f 1554 1598 1599
f 1554 1599 1555
f 1555 1599 1556
f 1556 1599 1600
f 1556 1600 1557
f 1557 1600 1601
f 1557 1601 1602
f 1557 1602 1558
f 1558 1602 1559
f 1559 1602 1603
f 1559 1603 1604
f 1559 1604 1560
f 1560 1604 1561
f 1561 1604 1605
f 1561 1605 1606
f 1561 1606 1562
f 1562 1606 1563
f 1563 1606 1607
f 1563 1607 1564
f 1564 1607 1608
f 1564 1608 1565
f 1565 1608 1609
f 1565 1609 1610
f 1565 1610 1566
f 1566 1610 1567
f 1567 1610 1611
f 1567 1611 1612
f 1567 1612 1568
f 1568 1612 1569
f 1569 1612 1613
f 1569 1613 1614
f 1569 1614 1570
f 1570 1614 1571
f 1571 1614 1615
f 1571 1615 1616
f 1571 1616 1573
f 1573 1616 1617
f 1573 1617 1622
f 1573 1622 1577
f 1574 1575 1618
f 1574 1618 1619
f 1574 1619 1620
f 1576 1577 1621
f 1577 1622 1623
f 1577 1623 1621
f 1578 1620 1659
f 1578 1659 1665
f 1578 1665 1625
f 1578 1625 1624
f 1578 1624 1579
f 1579 1624 1625
f 1579 1625 1626
f 1579 1626 1627
f 1579 1627 1628
f 1579 1628 1629
f 1579 1629 1630
f 1579 1630 1631
f 1579 1631 1580
f 1580 1631 1632
f 1580 1632 1633
f 1580 1633 1581
f 1581 1633 1634
f 1581 1634 1582
f 1582 1634 1635
f 1582 1635 1583
f 1583 1635 1636
f 1583 1636 1584
f 1584 1636 1637
f 1584 1637 1585
f 1585 1637 1638
f 1585 1638 1586
f 1586 1638 1639
f 1586 1639 1587
f 1587 1639 1640
f 1587 1640 1588
f 1588 1640 1589
f 1589 1640 1641
f 1589 1641 1642
f 1589 1642 1590
f 1590 1642 1591
f 1591 1642 1643
f 1591 1643 1644
f 1591 1644 1592
f 1592 1644 1645
f 1592 1645 1593
f 1593 1645 1646
f 1593 1646 1594
f 1594 1646 1595
f 1595 1646 1647
f 1595 1647 1648
f 1595 1648 1596
f 1596 1648 1649
f 1596 1649 1597
f 1598 1649 1599
f 1599 1649 1648
f 1599 1648 1600
f 1600 1648 1647
f 1600 1647 1646
f 1600 1646 1601
f 1601 1646 1602
f 1602 1646 1645
f 1602 1645 1603
f 1603 1645 1644
f 1603 1644 1604
f 1604 1644 1643
f 1604 1643 1642
f 1604 1642 1605
f 1605 1642 1606
f 1606 1642 1641
f 1606 1641 1640
f 1606 1640 1607
f 1607 1640 1608
f 1608 1640 1639
f 1608 1639 1609
f 1609 1639 1638
f 1609 1638 1610
f 1610 1638 1637
f 1610 1637 1611
f 1611 1637 1636
f 1611 1636 1612
f 1612 1636 1635
f 1612 1635 1613
f 1613 1635 1634
f 1613 1634 1614
f 1614 1634 1633
f 1614 1633 1632
f 1614 1632 1615
f 1615 1632 1631
f 1615 1631 1616
f 1616 1650 1651
f 1616 1651 1652
f 1616 1652 1653
f 1616 1653 1654
f 1616 1654 1655
f 1616 1655 1656
f 1616 1656 1617
f 1616 1631 1650
f 1617 1656 1655
f 1617 1655 1667
f 1617 1667 1666
f 1617 1666 1622
f 1618 1657 1658
f 1618 1658 1619
f 1619 1659 1620
f 1619 1658 1660
f 1619 1660 1661
f 1619 1661 1662
f 1619 1662 1663
f 1619 1663 1664
f 1619 1664 1665
f 1619 1665 1659
f 1621 1623 1658
f 1621 1658 1657
f 1622 1666 1623
f 1623 1666 1667
f 1623 1667 1668
f 1623 1668 1669
f 1623 1669 1670
f 1623 1670 1671
f 1623 1671 1672
f 1623 1672 1658
f 1625 1665 1664
f 1625 1664 1626
f 1626 1664 1663
f 1626 1663 1662
f 1626 1662 1628
f 1626 1628 1627
f 1628 1662 1661
f 1628 1661 1629
f 1629 1661 1660
f 1629 1660 1630
f 1630 1660 1678
f 1630 1678 1673
f 1630 1673 1631
f 1631 1674 1675
f 1631 1675 1650
f 1631 1673 1676
f 1631 1676 1658
f 1631 1658 1680
f 1631 1680 1674
f 1650 1675 1679
f 1650 1679 1672
f 1650 1672 1671
f 1650 1671 1651
f 1651 1671 1670
f 1651 1670 1652
f 1652 1670 1669
f 1652 1669 1668
f 1652 1668 1654
f 1652 1654 1653
f 1654 1668 1667
f 1654 1667 1655
f 1658 1676 1677
f 1658 1677 1678
f 1658 1678 1660
f 1658 1672 1679
f 1658 1679 1680
f 1673 1678 1676
f 1674 1680 1679
f 1674 1679 1675
f 1676 1678 1677

